Title,URL,Description,Details,ShortDetails,Resource,Type,Identifiers,Db,EntrezUID,Properties
"Molecular techniques for the personalised management of patients with chronic myeloid leukaemia.","/pubmed/28331814","Alikian M, Gale RP, Apperley JF, Foroni L.","Biomol Detect Quantif. 2017 Feb 14;11:4-20. doi: 10.1016/j.bdq.2017.01.001. eCollection 2017 Feb 14. Review.","Biomol Detect Quantif.  2017","PubMed","citation","PMID:28331814 | PMCID:PMC5348117","pubmed","28331814","create date:2017/03/24 | first author:Alikian M",
"Tumor burden monitoring using cell-free tumor DNA could be limited by tumor heterogeneity in advanced breast cancer and should be evaluated together with radiographic imaging.","/pubmed/28330468","García-Saenz JA, Ayllón P, Laig M, Acosta-Eyzaguirre D, García-Esquinas M, Montes M, Sanz J, Barquín M, Moreno F, Garcia-Barberan V, Díaz-Rubio E, Caldes T, Romero A.","BMC Cancer. 2017 Mar 22;17(1):210. doi: 10.1186/s12885-017-3185-9.","BMC Cancer.  2017","PubMed","citation","PMID:28330468","pubmed","28330468","create date:2017/03/24 | first author:García-Saenz JA",
"Calibration-free assays on standard real-time PCR devices.","/pubmed/28327545","Debski PR, Gewartowski K, Bajer S, Garstecki P.","Sci Rep. 2017 Mar 22;7:44854. doi: 10.1038/srep44854.","Sci Rep.  2017","PubMed","citation","PMID:28327545 | PMCID:PMC5361099","pubmed","28327545","create date:2017/03/23 | first author:Debski PR",
"Prevalence and pathogen load estimates for the fungus Batrachochytrium dendrobatidis are impacted by ITS DNA copy number variation.","/pubmed/28322208","Rebollar EA, Woodhams DC, LaBumbard B, Kielgast J, Harris RN.","Dis Aquat Organ. 2017 Mar 21;123(3):213-226. doi: 10.3354/dao03097.","Dis Aquat Organ.  2017","PubMed","citation","PMID:28322208","pubmed","28322208","create date:2017/03/23 | first author:Rebollar EA",
"New Approaches on Quantification of Campylobacter jejuni in Poultry Samples: The Use of Digital PCR and Real-time PCR against the ISO Standard Plate Count Method.","/pubmed/28303130","Papić B, Pate M, Henigman U, Zajc U, Gruntar I, Biasizzo M, Ocepek M, Kušar D.","Front Microbiol. 2017 Mar 2;8:331. doi: 10.3389/fmicb.2017.00331.","Front Microbiol.  2017","PubMed","citation","PMID:28303130 | PMCID:PMC5332403","pubmed","28303130","create date:2017/03/18 | first author:Papić B",
"Applications of Digital PCR for Clinical Microbiology.","/pubmed/28298452","Kuypers J, Jerome KR.","J Clin Microbiol. 2017 Mar 15. pii: JCM.00211-17. doi: 10.1128/JCM.00211-17. [Epub ahead of print]","J Clin Microbiol.  2017","PubMed","citation","PMID:28298452","pubmed","28298452","create date:2017/03/17 | first author:Kuypers J",
"Preparation of MS2-based nanoparticles as control and standard materials for the molecular detection of dengue virus serotypes.","/pubmed/28288812","Fu Y, Wang G, Wu Q, Yang X, Zhang R, Zhang K, Lin G, Han Y, Bao L, Li Z, Li J.","Virus Res. 2017 Mar 10;233:42-50. doi: 10.1016/j.virusres.2017.02.011. [Epub ahead of print]","Virus Res.  2017","PubMed","citation","PMID:28288812","pubmed","28288812","create date:2017/03/16 | first author:Fu Y",
"Plasma epidermal growth factor receptor mutation testing with a chip-based digital PCR system in patients with advanced non-small cell lung cancer.","/pubmed/28285688","Kasahara N, Kenmotsu H, Serizawa M, Umehara R, Ono A, Hisamatsu Y, Wakuda K, Omori S, Nakashima K, Taira T, Naito T, Murakami H, Koh Y, Mori K, Endo M, Nakajima T, Yamada M, Kusuhara M, Takahashi T.","Lung Cancer. 2017 Apr;106:138-144. doi: 10.1016/j.lungcan.2017.02.001.","Lung Cancer.  2017","PubMed","citation","PMID:28285688","pubmed","28285688","create date:2017/03/14 | first author:Kasahara N",
"Establishing a reference dataset for the authentication of spinal muscular atrophy cell lines using STR profiling and digital PCR.","/pubmed/28284873","Stabley DL, Holbrook J, Harris AW, Swoboda KJ, Crawford TO, Sol-Church K, Butchbach ME.","Neuromuscul Disord. 2017 Feb 6. pii: S0960-8966(16)31158-0. doi: 10.1016/j.nmd.2017.02.002. [Epub ahead of print]","Neuromuscul Disord.  2017","PubMed","citation","PMID:28284873","pubmed","28284873","create date:2017/03/13 | first author:Stabley DL",
"Detection of ESR1 mutations in plasma and tumors from metastatic breast cancer patients using next-generation sequencing.","/pubmed/28283903","Yanagawa T, Kagara N, Miyake T, Tanei T, Naoi Y, Shimoda M, Shimazu K, Kim SJ, Noguchi S.","Breast Cancer Res Treat. 2017 Mar 10. doi: 10.1007/s10549-017-4190-z. [Epub ahead of print]","Breast Cancer Res Treat.  2017","PubMed","citation","PMID:28283903","pubmed","28283903","create date:2017/03/12 | first author:Yanagawa T",
"Accurate measurement of transgene copy number in crop plants using droplet digital PCR.","/pubmed/28231382","Collier R, Dasgupta K, Xing YP, Hernandez BT, Shao M, Rohozinski D, Kovak E, Lin J, de Oliveira ML, Stover E, McCue KF, Harmon FG, Blechl A, Thomson JG, Thilmony R.","Plant J. 2017 Feb 23. doi: 10.1111/tpj.13517. [Epub ahead of print]","Plant J.  2017","PubMed","citation","PMID:28231382","pubmed","28231382","create date:2017/02/24 | first author:Collier R",
"Simultaneous estimation of detection sensitivity and absolute copy number from digital PCR serial dilution.","/pubmed/28213308","Deng X, Custer BS, Busch MP, Bakkour S, Lee TH.","Comput Biol Chem. 2017 Feb 1;68:1-5. doi: 10.1016/j.compbiolchem.2017.01.015. [Epub ahead of print]","Comput Biol Chem.  2017","PubMed","citation","PMID:28213308","pubmed","28213308","create date:2017/02/19 | first author:Deng X",
"Droplet-Based Digital PCR: Application in Cancer Research.","/pubmed/28212714","Perkins G, Lu H, Garlan F, Taly V.","Adv Clin Chem. 2017;79:43-91. doi: 10.1016/bs.acc.2016.10.001.","Adv Clin Chem.  2017","PubMed","citation","PMID:28212714","pubmed","28212714","create date:2017/02/19 | first author:Perkins G",
"International Comparison of Enumeration-Based Quantification of DNA Copy-Concentration Using Flow Cytometric Counting and Digital Polymerase Chain Reaction.","/pubmed/28193036","Yoo HB, Park SR, Dong L, Wang J, Sui Z, Pavšič J, Milavec M, Akgoz M, Mozioğlu E, Corbisier P, Janka M, Cosme B, de V Cavalcante JJ, Flatshart RB, Burke D, Forbes-Smith M, McLaughlin J, Emslie K, Whale AS, Huggett JF, Parkes H, Kline MC, et al.","Anal Chem. 2016 Dec 20;88(24):12169-12176. doi: 10.1021/acs.analchem.6b03076.","Anal Chem.  2016","PubMed","citation","PMID:28193036","pubmed","28193036","create date:2017/02/15 | first author:Yoo HB",
"Massively parallel digital high resolution melt for rapid and absolutely quantitative sequence profiling.","/pubmed/28176860","Velez DO, Mack H, Jupe J, Hawker S, Kulkarni N, Hedayatnia B, Zhang Y, Lawrence S, Fraley SI.","Sci Rep. 2017 Feb 8;7:42326. doi: 10.1038/srep42326.","Sci Rep.  2017","PubMed","citation","PMID:28176860 | PMCID:PMC5296755","pubmed","28176860","create date:2017/02/09 | first author:Velez DO",
"Evaluation of Molecular Methods for the Detection and Quantification of Pathogen-Derived Nucleic Acids in Sediment.","/pubmed/28174565","Farkas K, Hassard F, McDonald JE, Malham SK, Jones DL.","Front Microbiol. 2017 Jan 24;8:53. doi: 10.3389/fmicb.2017.00053.","Front Microbiol.  2017","PubMed","citation","PMID:28174565 | PMCID:PMC5258707","pubmed","28174565","create date:2017/02/09 | first author:Farkas K",
"Application of circulating tumor DNA in prospective clinical oncology trials - standardization of preanalytical conditions.","/pubmed/28164427","van Dessel LF, Beije N, Helmijr JC, Vitale SR, Kraan J, Look MP, de Wit R, Sleijfer S, Jansen MP, Martens JW, Lolkema MP.","Mol Oncol. 2017 Mar;11(3):295-304. doi: 10.1002/1878-0261.12037.","Mol Oncol.  2017","PubMed","citation","PMID:28164427","pubmed","28164427","create date:2017/02/07 | first author:van Dessel LF",
"Comparison of methods for circulating cell-free DNA isolation using blood from cancer patients: impact on biomarker testing.","/pubmed/28149760","Pérez-Barrios C, Nieto-Alcolado I, Torrente M, Jiménez-Sánchez C, Calvo V, Gutierrez-Sanz L, Palka M, Donoso-Navarro E, Provencio M, Romero A.","Transl Lung Cancer Res. 2016 Dec;5(6):665-672. doi: 10.21037/tlcr.2016.12.03.","Transl Lung Cancer Res.  2016","PubMed","citation","PMID:28149760 | PMCID:PMC5233878","pubmed","28149760","create date:2017/02/06 | first author:Pérez-Barrios C",
"Digital PCR Improves Mutation Analysis in Pancreas Fine Needle Aspiration Biopsy Specimens.","/pubmed/28125707","Sho S, Court CM, Kim S, Braxton DR, Hou S, Muthusamy VR, Watson RR, Sedarat A, Tseng HR, Tomlinson JS.","PLoS One. 2017 Jan 26;12(1):e0170897. doi: 10.1371/journal.pone.0170897.","PLoS One.  2017","PubMed","citation","PMID:28125707 | PMCID:PMC5268428","pubmed","28125707","create date:2017/01/27 | first author:Sho S",
"Inter-laboratory assessment of different digital PCR platforms for quantification of human cytomegalovirus DNA.","/pubmed/28124757","Pavšič J, Devonshire A, Blejec A, Foy CA, Van Heuverswyn F, Jones GM, Schimmel H, Žel J, Huggett JF, Redshaw N, Karczmarczyk M, Mozioğlu E, Akyürek S, Akgöz M, Milavec M.","Anal Bioanal Chem. 2017 Apr;409(10):2601-2614. doi: 10.1007/s00216-017-0206-0.","Anal Bioanal Chem.  2017","PubMed","citation","PMID:28124757","pubmed","28124757","create date:2017/01/27 | first author:Pavšič J",
"Accurate Digital Polymerase Chain Reaction Quantification of Challenging Samples Applying Inhibitor-Tolerant DNA Polymerases.","/pubmed/28118703","Sidstedt M, Romsos EL, Hedell R, Ansell R, Steffen CR, Vallone PM, Rådström P, Hedman J.","Anal Chem. 2017 Feb 7;89(3):1642-1649. doi: 10.1021/acs.analchem.6b03746.","Anal Chem.  2017","PubMed","citation","PMID:28118703","pubmed","28118703","create date:2017/01/26 | first author:Sidstedt M",
"Effect of Source of DNA on the Quantitative Analysis of Genetically Engineered Traits Using Digital PCR and Real-Time PCR.","/pubmed/28118137","Demeke T, Malabanan J, Holigroski M, Eng M.","J AOAC Int. 2017 Mar 1;100(2):492-498. doi: 10.5740/jaoacint.16-0284.","J AOAC Int.  2017","PubMed","citation","PMID:28118137","pubmed","28118137","create date:2017/01/25 | first author:Demeke T",
"Absolute Quantification of H5-Subtype Avian Influenza Viruses Using Droplet Digital Loop-Mediated Isothermal Amplification.","/pubmed/28105842","Hu Y, Xu P, Luo J, He H, Du W.","Anal Chem. 2017 Jan 3;89(1):745-750. doi: 10.1021/acs.analchem.6b03328.","Anal Chem.  2017","PubMed","citation","PMID:28105842","pubmed","28105842","create date:2017/01/21 | first author:Hu Y",
"Early mixed hematopoietic chimerism detection by digital droplet PCR in patients undergoing gender-mismatched hematopoietic stem cell transplantation.","/pubmed/28099121","Waterhouse M, Pfeifer D, Follo M, Duyster J, Schäfer H, Bertz H, Finke J.","Clin Chem Lab Med. 2017 Jan 18. pii: /j/cclm.ahead-of-print/cclm-2016-0900/cclm-2016-0900.xml. doi: 10.1515/cclm-2016-0900. [Epub ahead of print]","Clin Chem Lab Med.  2017","PubMed","citation","PMID:28099121","pubmed","28099121","create date:2017/01/19 | first author:Waterhouse M",
"Application of Stochastic Labeling with Random-Sequence Barcodes for Simultaneous Quantification and Sequencing of Environmental 16S rRNA Genes.","/pubmed/28052139","Hoshino T, Inagaki F.","PLoS One. 2017 Jan 4;12(1):e0169431. doi: 10.1371/journal.pone.0169431. Erratum in: PLoS One. 2017 Mar 3;12 (3):e0173546. ","PLoS One.  2017","PubMed","citation","PMID:28052139 | PMCID:PMC5215600","pubmed","28052139","create date:2017/01/05 | first author:Hoshino T",
"Use of droplet digital PCR for quantitative and automatic analysis of the HER2 status in breast cancer patients.","/pubmed/28039535","Otsuji K, Sasaki T, Tanaka A, Kunita A, Ikemura M, Matsusaka K, Tada K, Fukayama M, Seto Y.","Breast Cancer Res Treat. 2017 Feb;162(1):11-18. doi: 10.1007/s10549-016-4092-5.","Breast Cancer Res Treat.  2017","PubMed","citation","PMID:28039535","pubmed","28039535","create date:2017/01/01 | first author:Otsuji K",
"Somatic mutation detection using various targeted detection assays in paired samples of circulating tumor DNA, primary tumor and metastases from patients undergoing resection of colorectal liver metastases.","/pubmed/28029553","Beije N, Helmijr JC, Weerts MJ, Beaufort CM, Wiggin M, Marziali A, Verhoef C, Sleijfer S, Jansen MP, Martens JW.","Mol Oncol. 2016 Oct 10. pii: S1574-7891(16)30110-7. doi: 10.1016/j.molonc.2016.10.001. [Epub ahead of print]","Mol Oncol.  2016","PubMed","citation","PMID:28029553","pubmed","28029553","create date:2016/12/29 | first author:Beije N",
"Centrifugal micro-channel array droplet generation for highly parallel digital PCR.","/pubmed/28009866","Chen Z, Liao P, Zhang F, Jiang M, Zhu Y, Huang Y.","Lab Chip. 2017 Jan 17;17(2):235-240. doi: 10.1039/c6lc01305h.","Lab Chip.  2017","PubMed","citation","PMID:28009866","pubmed","28009866","create date:2016/12/24 | first author:Chen Z",
"A Comparison of ddPCR and ARMS for detecting EGFR T790M status in ctDNA from advanced NSCLC patients with acquired EGFR-TKI resistance.","/pubmed/28000387","Wang W, Song Z, Zhang Y.","Cancer Med. 2017 Jan;6(1):154-162. doi: 10.1002/cam4.978.","Cancer Med.  2017","PubMed","citation","PMID:28000387 | PMCID:PMC5269560","pubmed","28000387","create date:2016/12/22 | first author:Wang W",
"Comparison of Circulating Tumour Cells and Circulating Cell-Free Epstein-Barr Virus DNA in Patients with Nasopharyngeal Carcinoma Undergoing Radiotherapy.","/pubmed/27994225","Vo JH, Nei WL, Hu M, Phyo WM, Wang F, Fong KW, Tan T, Soong YL, Cheah SL, Sommat K, Low H, Ling B, Ng J, Tan WL, Chan KS, Oon L, Ying JY, Tan MH.","Sci Rep. 2016 Dec;6(1):13.","Sci Rep.  2016","PubMed","citation","PMID:27994225","pubmed","27994225","create date:2016/12/21 | first author:Vo JH",
"Digital polymerase chain reaction for characterisation of DNA reference materials.","/pubmed/27990349","Bhat S, Emslie KR.","Biomol Detect Quantif. 2016 May 3;10:47-49. Review.","Biomol Detect Quantif.  2016","PubMed","citation","PMID:27990349 | PMCID:PMC5154631","pubmed","27990349","create date:2016/12/19 | first author:Bhat S",
"Digital PCR dynamic range is approaching that of real-time quantitative PCR.","/pubmed/27990347","Jones GM, Busby E, Garson JA, Grant PR, Nastouli E, Devonshire AS, Whale AS.","Biomol Detect Quantif. 2016 Nov 2;10:31-33.","Biomol Detect Quantif.  2016","PubMed","citation","PMID:27990347 | PMCID:PMC5154633","pubmed","27990347","create date:2016/12/19 | first author:Jones GM",
"Fundamentals of multiplexing with digital PCR.","/pubmed/27990345","Whale AS, Huggett JF, Tzonev S.","Biomol Detect Quantif. 2016 May 27;10:15-23. Review.","Biomol Detect Quantif.  2016","PubMed","citation","PMID:27990345 | PMCID:PMC5154634","pubmed","27990345","create date:2016/12/19 | first author:Whale AS",
"Applicability of digital PCR to the investigation of pediatric-onset genetic disorders.","/pubmed/27990344","Butchbach ME.","Biomol Detect Quantif. 2016 Aug 8;10:9-14. Review.","Biomol Detect Quantif.  2016","PubMed","citation","PMID:27990344 | PMCID:PMC5154671","pubmed","27990344","create date:2016/12/19 | first author:Butchbach ME",
"Homogeneous and digital proximity ligation assays for the detection of Clostridium difficile toxins A and B.","/pubmed/27990343","Dhillon HS, Johnson G, Shannon M, Greenwood C, Roberts D, Bustin S.","Biomol Detect Quantif. 2016 Aug 31;10:2-8.","Biomol Detect Quantif.  2016","PubMed","citation","PMID:27990343 | PMCID:PMC5154635","pubmed","27990343","create date:2016/12/19 | first author:Dhillon HS",
"Clarity™ digital PCR system: a novel platform for absolute quantification of nucleic acids.","/pubmed/27988800","Low H, Chan SJ, Soo GH, Ling B, Tan EL.","Anal Bioanal Chem. 2017 Mar;409(7):1869-1875. doi: 10.1007/s00216-016-0131-7.","Anal Bioanal Chem.  2017","PubMed","citation","PMID:27988800","pubmed","27988800","create date:2016/12/19 | first author:Low H",
"RT-qPCR and RT-Digital PCR: A Comparison of Different Platforms for the Evaluation of Residual Disease in Chronic Myeloid Leukemia.","/pubmed/27979961","Alikian M, Whale AS, Akiki S, Piechocki K, Torrado C, Myint T, Cowen S, Griffiths M, Reid AG, Apperley J, White H, Huggett JF, Foroni L.","Clin Chem. 2017 Feb;63(2):525-531. doi: 10.1373/clinchem.2016.262824.","Clin Chem.  2017","PubMed","citation","PMID:27979961","pubmed","27979961","create date:2016/12/17 | first author:Alikian M",
"International Interlaboratory Digital PCR Study Demonstrating High Reproducibility for the Measurement of a Rare Sequence Variant.","/pubmed/27935690","Whale AS, Devonshire AS, Karlin-Neumann G, Regan J, Javier L, Cowen S, Fernandez-Gonzalez A, Jones GM, Redshaw N, Beck J, Berger AW, Combaret V, Dahl Kjersgaard N, Davis L, Fina F, Forshew T, Fredslund Andersen R, Galbiati S, González Hernández Á, Haynes CA, Janku F, Lacave R, et al.","Anal Chem. 2017 Feb 7;89(3):1724-1733. doi: 10.1021/acs.analchem.6b03980.","Anal Chem.  2017","PubMed","citation","PMID:27935690","pubmed","27935690","create date:2016/12/10 | first author:Whale AS",
"3C-digital PCR for quantification of chromatin interactions.","/pubmed/27923366","Du M, Wang L.","BMC Mol Biol. 2016 Dec 6;17(1):23.","BMC Mol Biol.  2016","PubMed","citation","PMID:27923366 | PMCID:PMC5139078","pubmed","27923366","create date:2016/12/08 | first author:Du M",
"Superiority of Digital Reverse Transcription-PCR (RT-PCR) over Real-Time RT-PCR for Quantitation of Highly Divergent Human Rhinoviruses.","/pubmed/27881615","Sedlak RH, Nguyen T, Palileo I, Jerome KR, Kuypers J.","J Clin Microbiol. 2017 Feb;55(2):442-449. doi: 10.1128/JCM.01970-16.","J Clin Microbiol.  2017","PubMed","citation","PMID:27881615 | PMCID:PMC5277513","pubmed","27881615","create date:2016/11/25 | first author:Sedlak RH",
"Characterizing nuclear and mitochondrial DNA in spent embryo culture media: genetic contamination identified.","/pubmed/27865449","Hammond ER, McGillivray BC, Wicker SM, Peek JC, Shelling AN, Stone P, Chamley LW, Cree LM.","Fertil Steril. 2017 Jan;107(1):220-228.e5. doi: 10.1016/j.fertnstert.2016.10.015.","Fertil Steril.  2017","PubMed","citation","PMID:27865449","pubmed","27865449","create date:2016/11/21 | first author:Hammond ER",
"Development and validation of an ultra-high sensitive next-generation sequencing assay for molecular diagnosis of clinical oncology.","/pubmed/27826616","Liang J, She Y, Zhu J, Wei L, Zhang L, Gao L, Wang Y, Xing J, Guo Y, Meng X, Li P.","Int J Oncol. 2016 Nov;49(5):2088-2104. doi: 10.3892/ijo.2016.3707.","Int J Oncol.  2016","PubMed","citation","PMID:27826616","pubmed","27826616","create date:2016/11/09 | first author:Liang J",
"Advances in digital polymerase chain reaction (dPCR) and its emerging biomedical applications.","/pubmed/27818047","Cao L, Cui X, Hu J, Li Z, Choi JR, Yang Q, Lin M, Ying Hui L, Xu F.","Biosens Bioelectron. 2017 Apr 15;90:459-474. doi: 10.1016/j.bios.2016.09.082. Review.","Biosens Bioelectron.  2017","PubMed","citation","PMID:27818047","pubmed","27818047","create date:2016/11/08 | first author:Cao L",
"Clinical Application of Picodroplet Digital PCR Technology for Rapid Detection of EGFR T790M in Next-Generation Sequencing Libraries and DNA from Limited Tumor Samples.","/pubmed/27631691","Borsu L, Intrieri J, Thampi L, Yu H, Riely G, Nafa K, Chandramohan R, Ladanyi M, Arcila ME.","J Mol Diagn. 2016 Nov;18(6):903-911. doi: 10.1016/j.jmoldx.2016.07.004.","J Mol Diagn.  2016","PubMed","citation","PMID:27631691","pubmed","27631691","create date:2016/10/25 | first author:Borsu L",
"Reproducibility of Digital PCR Assays for Circulating Tumor DNA Analysis in Advanced Breast Cancer.","/pubmed/27760227","Hrebien S, O'Leary B, Beaney M, Schiavon G, Fribbens C, Bhambra A, Johnson R, Garcia-Murillas I, Turner N.","PLoS One. 2016 Oct 19;11(10):e0165023. doi: 10.1371/journal.pone.0165023.","PLoS One.  2016","PubMed","citation","PMID:27760227 | PMCID:PMC5070760","pubmed","27760227","create date:2016/10/21 | first author:Hrebien S",
"Extending digital PCR analysis by modelling quantification cycle data.","/pubmed/27733121","Wilson PJ, Ellison SL.","BMC Bioinformatics. 2016 Oct 12;17(1):421.","BMC Bioinformatics.  2016","PubMed","citation","PMID:27733121 | PMCID:PMC5062887","pubmed","27733121","create date:2016/10/14 | first author:Wilson PJ",
"Comparison of standard, quantitative and digital PCR in the detection of enterotoxigenic Bacteroides fragilis.","/pubmed/27686415","Purcell RV, Pearson J, Frizelle FA, Keenan JI.","Sci Rep. 2016 Sep 30;6:34554. doi: 10.1038/srep34554.","Sci Rep.  2016","PubMed","citation","PMID:27686415 | PMCID:PMC5043350","pubmed","27686415","create date:2016/10/01 | first author:Purcell RV",
"Quantification of plasmid DNA reference materials for Shiga toxin-producing Escherichia coli based on UV, HR-ICP-MS and digital PCR.","/pubmed/27621755","Liang W, Xu L, Sui Z, Li Y, Li L, Wen Y, Li C, Ren S, Liu G.","Chem Cent J. 2016 Sep 12;10(1):55. doi: 10.1186/s13065-016-0201-0.","Chem Cent J.  2016","PubMed","citation","PMID:27621755 | PMCID:PMC5018943","pubmed","27621755","create date:2016/09/14 | first author:Liang W",
"Digital PCR Panel for Sensitive Hematopoietic Chimerism Quantification after Allogeneic Stem Cell Transplantation.","/pubmed/27618030","Stahl T, Rothe C, Böhme MU, Kohl A, Kröger N, Fehse B.","Int J Mol Sci. 2016 Sep 9;17(9). pii: E1515. doi: 10.3390/ijms17091515.","Int J Mol Sci.  2016","PubMed","citation","PMID:27618030 | PMCID:PMC5037792","pubmed","27618030","create date:2016/09/13 | first author:Stahl T",
"Influence of primer & probe chemistry and amplification target on reverse transcription digital PCR quantification of viral RNA.","/pubmed/27617229","Van Heuverswyn F, Karczmarczyk M, Schimmel H, Trapmann S, Emons H.","Biomol Detect Quantif. 2016 Aug 27;9:20-8. doi: 10.1016/j.bdq.2016.08.003.","Biomol Detect Quantif.  2016","PubMed","citation","PMID:27617229 | PMCID:PMC5007883","pubmed","27617229","create date:2016/09/13 | first author:Van Heuverswyn F",
Title,URL,Description,Details,ShortDetails,Resource,Type,Identifiers,Db,EntrezUID,Properties
"Methods for comparing multiple digital PCR experiments.","/pubmed/27551672","Burdukiewicz M, Rödiger S, Sobczyk P, Menschikowski M, Schierack P, Mackiewicz P.","Biomol Detect Quantif. 2016 Aug 10;9:14-9. doi: 10.1016/j.bdq.2016.06.004.","Biomol Detect Quantif.  2016","PubMed","citation","PMID:27551672 | PMCID:PMC4983647","pubmed","27551672","create date:2016/08/24 | first author:Burdukiewicz M",
"Quantification of Hepatitis E Virus in Naturally-Contaminated Pig Liver Products.","/pubmed/27536278","Martin-Latil S, Hennechart-Collette C, Delannoy S, Guillier L, Fach P, Perelle S.","Front Microbiol. 2016 Aug 3;7:1183. doi: 10.3389/fmicb.2016.01183.","Front Microbiol.  2016","PubMed","citation","PMID:27536278 | PMCID:PMC4971014","pubmed","27536278","create date:2016/08/19 | first author:Martin-Latil S",
"Microfluidic Devices for Forensic DNA Analysis: A Review.","/pubmed/27527231","Bruijns B, van Asten A, Tiggelaar R, Gardeniers H.","Biosensors (Basel). 2016 Aug 5;6(3). pii: E41. doi: 10.3390/bios6030041. Review.","Biosensors (Basel).  2016","PubMed","citation","PMID:27527231 | PMCID:PMC5039660","pubmed","27527231","create date:2016/08/17 | first author:Bruijns B",
"The use of digital PCR to improve the application of quantitative molecular diagnostic methods for tuberculosis.","/pubmed/27487852","Devonshire AS, O'Sullivan DM, Honeyborne I, Jones G, Karczmarczyk M, Pavšič J, Gutteridge A, Milavec M, Mendoza P, Schimmel H, Van Heuverswyn F, Gorton R, Cirillo DM, Borroni E, Harris K, Barnard M, Heydenrych A, Ndusilo N, Wallis CL, Pillay K, Barry T, Reddington K, et al.","BMC Infect Dis. 2016 Aug 3;16:366. doi: 10.1186/s12879-016-1696-7.","BMC Infect Dis.  2016","PubMed","citation","PMID:27487852 | PMCID:PMC4971652","pubmed","27487852","create date:2016/08/05 | first author:Devonshire AS",
"Evaluation of real-time PCR assays and standard curve optimisation for enhanced accuracy in quantification of Campylobacter environmental water isolates.","/pubmed/27485709","Gosselin-Théberge M, Taboada E, Guy RA.","J Microbiol Methods. 2016 Oct;129:70-7. doi: 10.1016/j.mimet.2016.07.025.","J Microbiol Methods.  2016","PubMed","citation","PMID:27485709","pubmed","27485709","create date:2016/08/04 | first author:Gosselin-Théberge M",
"Diagnostic utility of droplet digital PCR for HIV reservoir quantification.","/pubmed/27482456","Trypsteen W, Kiselinova M, Vandekerckhove L, De Spiegelaere W.","J Virus Erad. 2016 Jul 1;2(3):162-9.","J Virus Erad.  2016","PubMed","citation","PMID:27482456 | PMCID:PMC4967968","pubmed","27482456","create date:2016/08/03 | first author:Trypsteen W",
"Digital PCR assay detection of circulating Mycobacterium tuberculosis DNA in pulmonary tuberculosis patient plasma.","/pubmed/27450004","Ushio R, Yamamoto M, Nakashima K, Watanabe H, Nagai K, Shibata Y, Tashiro K, Tsukahara T, Nagakura H, Horita N, Sato T, Shinkai M, Kudo M, Ueda A, Kaneko T.","Tuberculosis (Edinb). 2016 Jul;99:47-53. doi: 10.1016/j.tube.2016.04.004.","Tuberculosis (Edinb).  2016","PubMed","citation","PMID:27450004","pubmed","27450004","create date:2016/07/28 | first author:Ushio R",
"Loss of the antioxidant enzyme CuZnSOD (Sod1) mimics an age-related increase in absolute mitochondrial DNA copy number in the skeletal muscle.","/pubmed/27444179","Masser DR, Clark NW, Van Remmen H, Freeman WM.","Age (Dordr). 2016 Aug;38(4):323-333.","Age (Dordr).  2016","PubMed","citation","PMID:27444179 | PMCID:PMC5061674","pubmed","27444179","create date:2016/07/23 | first author:Masser DR",
"Digital Quantification of DNA Replication and Chromosome Segregation Enables Determination of Antimicrobial Susceptibility after only 15 Minutes of Antibiotic Exposure.","/pubmed/27357747","Schoepp NG, Khorosheva EM, Schlappi TS, Curtis MS, Humphries RM, Hindler JA, Ismagilov RF.","Angew Chem Int Ed Engl. 2016 Aug 8;55(33):9557-61. doi: 10.1002/anie.201602763.","Angew Chem Int Ed Engl.  2016","PubMed","citation","PMID:27357747 | PMCID:PMC5215780","pubmed","27357747","create date:2016/07/01 | first author:Schoepp NG",
"The Future of Digital Polymerase Chain Reaction in Virology.","/pubmed/27351921","Vynck M, Trypsteen W, Thas O, Vandekerckhove L, De Spiegelaere W.","Mol Diagn Ther. 2016 Oct;20(5):437-47. doi: 10.1007/s40291-016-0224-1. Review.","Mol Diagn Ther.  2016","PubMed","citation","PMID:27351921","pubmed","27351921","create date:2016/06/29 | first author:Vynck M",
"A Study of Hypermethylated Circulating Tumor DNA as a Universal Colorectal Cancer Biomarker.","/pubmed/27251038","Garrigou S, Perkins G, Garlan F, Normand C, Didelot A, Le Corre D, Peyvandi S, Mulot C, Niarra R, Aucouturier P, Chatellier G, Nizard P, Perez-Toralla K, Zonta E, Charpy C, Pujals A, Barau C, Bouché O, Emile JF, Pezet D, Bibeau F, Hutchison JB, et al.","Clin Chem. 2016 Aug;62(8):1129-39. doi: 10.1373/clinchem.2015.253609.","Clin Chem.  2016","PubMed","citation","PMID:27251038","pubmed","27251038","create date:2016/06/03 | first author:Garrigou S",
"Using Digital Polymerase Chain Reaction to Detect Single-Nucleotide Substitutions Induced by Genome Editing.","/pubmed/27250210","Miyaoka Y, Chan AH, Conklin BR.","Cold Spring Harb Protoc. 2016 Aug 1;2016(8):pdb.prot086801. doi: 10.1101/pdb.prot086801.","Cold Spring Harb Protoc.  2016","PubMed","citation","PMID:27250210","pubmed","27250210","create date:2016/06/03 | first author:Miyaoka Y",
"Circulating cell-free nucleic acids and platelets as a liquid biopsy in the provision of personalized therapy for lung cancer patients.","/pubmed/27180141","Sorber L, Zwaenepoel K, Deschoolmeester V, Van Schil PE, Van Meerbeeck J, Lardon F, Rolfo C, Pauwels P.","Lung Cancer. 2016 May 4. pii: S0169-5002(16)30312-9. doi: 10.1016/j.lungcan.2016.04.026. [Epub ahead of print]","Lung Cancer.  2016","PubMed","citation","PMID:27180141","pubmed","27180141","create date:2016/05/18 | first author:Sorber L",
"Measuring Digital PCR Quality: Performance Parameters and Their Optimization.","/pubmed/27149415","Lievens A, Jacchia S, Kagkli D, Savini C, Querci M.","PLoS One. 2016 May 5;11(5):e0153317. doi: 10.1371/journal.pone.0153317.","PLoS One.  2016","PubMed","citation","PMID:27149415 | PMCID:PMC4858304","pubmed","27149415","create date:2016/05/07 | first author:Lievens A",
"Optimization of digital droplet polymerase chain reaction for quantification of genetically modified organisms.","/pubmed/27077048","Gerdes L, Iwobi A, Busch U, Pecoraro S.","Biomol Detect Quantif. 2016 Jan 7;7:9-20. doi: 10.1016/j.bdq.2015.12.003.","Biomol Detect Quantif.  2016","PubMed","citation","PMID:27077048 | PMCID:PMC4827695","pubmed","27077048","create date:2016/04/15 | first author:Gerdes L",
"qPCR, dPCR, NGS - A journey.","/pubmed/27077031","Huggett JF, O'Grady J, Bustin S.","Biomol Detect Quantif. 2015 Jan 15;3:A1-5. doi: 10.1016/j.bdq.2015.01.001. No abstract available. ","Biomol Detect Quantif.  2015","PubMed","citation","PMID:27077031 | PMCID:PMC4822211","pubmed","27077031","create date:2016/04/15 | first author:Huggett JF",
"Picoliter Well Array Chip-Based Digital Recombinase Polymerase Amplification for Absolute Quantification of Nucleic Acids.","/pubmed/27074005","Li Z, Liu Y, Wei Q, Liu Y, Liu W, Zhang X, Yu Y.","PLoS One. 2016 Apr 13;11(4):e0153359. doi: 10.1371/journal.pone.0153359.","PLoS One.  2016","PubMed","citation","PMID:27074005 | PMCID:PMC4830604","pubmed","27074005","create date:2016/04/14 | first author:Li Z",
"Mutant DNA quantification by digital PCR can be confounded by heating during DNA fragmentation.","/pubmed/27071606","Kang Q, Parkin B, Giraldez MD, Tewari M.","Biotechniques. 2016 Apr 1;60(4):175-6, 178, 180 passim. doi: 10.2144/000114401.","Biotechniques.  2016","PubMed","citation","PMID:27071606","pubmed","27071606","create date:2016/04/14 | first author:Kang Q",
"Accurate quantification of supercoiled DNA by digital PCR.","/pubmed/27063649","Dong L, Yoo HB, Wang J, Park SR.","Sci Rep. 2016 Apr 11;6:24230. doi: 10.1038/srep24230.","Sci Rep.  2016","PubMed","citation","PMID:27063649 | PMCID:PMC4827127","pubmed","27063649","create date:2016/04/12 | first author:Dong L",
"Nanofluidic Digital PCR and Extended Genotyping of RAS and BRAF for Improved Selection of Metastatic Colorectal Cancer Patients for Anti-EGFR Therapies.","/pubmed/27037411","Azuara D, Santos C, Lopez-Doriga A, Grasselli J, Nadal M, Sanjuan X, Marin F, Vidal J, Montal R, Moreno V, Bellosillo B, Argiles G, Elez E, Dienstmann R, Montagut C, Tabernero J, Capellá G, Salazar R.","Mol Cancer Ther. 2016 May;15(5):1106-12. doi: 10.1158/1535-7163.MCT-15-0820.","Mol Cancer Ther.  2016","PubMed","citation","PMID:27037411","pubmed","27037411","create date:2016/04/03 | first author:Azuara D",
"A Duplex Digital PCR Assay for Simultaneous Quantification of the Enterococcus spp. and the Human Fecal-associated HF183 Marker in Waters.","/pubmed/27023488","Cao Y, Raith MR, Griffith JF.","J Vis Exp. 2016 Mar 9;(109). doi: 10.3791/53611.","J Vis Exp.  2016","PubMed","citation","PMID:27023488","pubmed","27023488","create date:2016/03/31 | first author:Cao Y",
"Digital PCR using micropatterned superporous absorbent array chips.","/pubmed/27010726","Wang Y, Southard KM, Zeng Y.","Analyst. 2016 Jun 21;141(12):3821-31. doi: 10.1039/c6an00164e.","Analyst.  2016","PubMed","citation","PMID:27010726 | PMCID:PMC4899130","pubmed","27010726","create date:2016/03/25 | first author:Wang Y",
"Digital PCR to assess gene-editing frequencies (GEF-dPCR) mediated by designer nucleases.","/pubmed/26914317","Mock U, Hauber I, Fehse B.","Nat Protoc. 2016 Mar;11(3):598-615. doi: 10.1038/nprot.2016.027.","Nat Protoc.  2016","PubMed","citation","PMID:26914317","pubmed","26914317","create date:2016/02/26 | first author:Mock U",
"Absolute Quantification of Enterococcal 23S rRNA Gene Using Digital PCR.","/pubmed/26903207","Wang D, Yamahara KM, Cao Y, Boehm AB.","Environ Sci Technol. 2016 Apr 5;50(7):3399-408. doi: 10.1021/acs.est.5b05747.","Environ Sci Technol.  2016","PubMed","citation","PMID:26903207","pubmed","26903207","create date:2016/02/24 | first author:Wang D",
"EGFR mutation detection on routine cytological smears of non-small cell lung cancer by digital PCR: a validation study.","/pubmed/26893402","Malapelle U, de Luca C, Vigliar E, Ambrosio F, Rocco D, Pisapia P, Bellevicine C, Troncone G.","J Clin Pathol. 2016 May;69(5):454-7. doi: 10.1136/jclinpath-2015-203429.","J Clin Pathol.  2016","PubMed","citation","PMID:26893402","pubmed","26893402","create date:2016/02/20 | first author:Malapelle U",
"Digital PCR for quantification of recurrent and potentially actionable somatic mutations in circulating free DNA from patients with diffuse large B-cell lymphoma.","/pubmed/26883583","Camus V, Sarafan-Vasseur N, Bohers E, Dubois S, Mareschal S, Bertrand P, Viailly PJ, Ruminy P, Maingonnat C, Lemasle E, Stamatoullas A, Picquenot JM, Cornic M, Beaussire L, Bastard C, Frebourg T, Tilly H, Jardin F.","Leuk Lymphoma. 2016 Sep;57(9):2171-9. doi: 10.3109/10428194.2016.1139703.","Leuk Lymphoma.  2016","PubMed","citation","PMID:26883583","pubmed","26883583","create date:2016/02/18 | first author:Camus V",
"Next-Generation Sequencing-Assisted DNA-Based Digital PCR for a Personalized Approach to the Detection and Quantification of Residual Disease in Chronic Myeloid Leukemia Patients.","/pubmed/26857065","Alikian M, Ellery P, Forbes M, Gerrard G, Kasperaviciute D, Sosinsky A, Mueller M, Whale AS, Milojkovic D, Apperley J, Huggett JF, Foroni L, Reid AG.","J Mol Diagn. 2016 Mar;18(2):176-89. doi: 10.1016/j.jmoldx.2015.09.005.","J Mol Diagn.  2016","PubMed","citation","PMID:26857065","pubmed","26857065","create date:2016/02/10 | first author:Alikian M",
"Quantitative nucleic acid amplification by digital PCR for clinical viral diagnostics.","/pubmed/26845722","Zhang K, Lin G, Li J.","Clin Chem Lab Med. 2016 Sep 1;54(9):1427-33. doi: 10.1515/cclm-2015-1101. Review.","Clin Chem Lab Med.  2016","PubMed","citation","PMID:26845722","pubmed","26845722","create date:2016/02/05 | first author:Zhang K",
"A Novel High-Throughput Method for Molecular Detection of Human Pathogenic Viruses Using a Nanofluidic Real-Time PCR System.","/pubmed/26824897","Coudray-Meunier C, Fraisse A, Martin-Latil S, Delannoy S, Fach P, Perelle S.","PLoS One. 2016 Jan 29;11(1):e0147832. doi: 10.1371/journal.pone.0147832.","PLoS One.  2016","PubMed","citation","PMID:26824897 | PMCID:PMC4732599","pubmed","26824897","create date:2016/01/30 | first author:Coudray-Meunier C",
"Comparison of Droplet Digital PCR and Real Time PCR Method for HBV DNA Quantification.","/pubmed/26817223","Wongjitrat C, Horthongkham N, Sutthent R, Srisurapanon S.","J Med Assoc Thai. 2015 Oct;98 Suppl 9:S140-5.","J Med Assoc Thai.  2015","PubMed","citation","PMID:26817223","pubmed","26817223","create date:2016/01/29 | first author:Wongjitrat C",
"Mitochondrial DNA differentiates Alzheimer's disease from Creutzfeldt-Jakob disease.","/pubmed/26806388","Podlesniy P, Llorens F, Golanska E, Sikorska B, Liberski P, Zerr I, Trullas R.","Alzheimers Dement. 2016 May;12(5):546-55. doi: 10.1016/j.jalz.2015.12.011.","Alzheimers Dement.  2016","PubMed","citation","PMID:26806388","pubmed","26806388","create date:2016/01/26 | first author:Podlesniy P",
"Multiplex Preamplification of Serum DNA to Facilitate Reliable Detection of Extremely Rare Cancer Mutations in Circulating DNA by Digital PCR.","/pubmed/26752305","Jackson JB, Choi DS, Luketich JD, Pennathur A, Ståhlberg A, Godfrey TE.","J Mol Diagn. 2016 Mar;18(2):235-43. doi: 10.1016/j.jmoldx.2015.10.004.","J Mol Diagn.  2016","PubMed","citation","PMID:26752305 | PMCID:PMC4851734","pubmed","26752305","create date:2016/01/12 | first author:Jackson JB",
"Evaluating Digital PCR for the Quantification of Human Genomic DNA: Accessible Amplifiable Targets.","/pubmed/26751276","Kline MC, Romsos EL, Duewer DL.","Anal Chem. 2016 Feb 16;88(4):2132-9. doi: 10.1021/acs.analchem.5b03692.","Anal Chem.  2016","PubMed","citation","PMID:26751276 | PMCID:PMC5108050","pubmed","26751276","create date:2016/01/12 | first author:Kline MC",
"Enumeration and Molecular Characterization of Tumor Cells in Lung Cancer Patients Using a Novel In Vivo Device for Capturing Circulating Tumor Cells.","/pubmed/26667488","Gorges TM, Penkalla N, Schalk T, Joosse SA, Riethdorf S, Tucholski J, Lücke K, Wikman H, Jackson S, Brychta N, von Ahsen O, Schumann C, Krahn T, Pantel K.","Clin Cancer Res. 2016 May 1;22(9):2197-206. doi: 10.1158/1078-0432.CCR-15-1416.","Clin Cancer Res.  2016","PubMed","citation","PMID:26667488","pubmed","26667488","create date:2015/12/17 | first author:Gorges TM",
"Detection of Rare Drug Resistance Mutations by Digital PCR in a Human Influenza A Virus Model System and Clinical Samples.","/pubmed/26659206","Whale AS, Bushell CA, Grant PR, Cowen S, Gutierrez-Aguirre I, O'Sullivan DM, Žel J, Milavec M, Foy CA, Nastouli E, Garson JA, Huggett JF.","J Clin Microbiol. 2016 Feb;54(2):392-400. doi: 10.1128/JCM.02611-15.","J Clin Microbiol.  2016","PubMed","citation","PMID:26659206 | PMCID:PMC4733194","pubmed","26659206","create date:2015/12/15 | first author:Whale AS",
"Molecular typing and differentiation of Mycobacterium tuberculosis clinical isolates using Double Repetitive Element PCR and Duplex PCR.","/pubmed/26655200","Maruthai K, Ravibalan T, Vallayyachari K, Kesavan S, Samrot AV, Muthaiah M.","Int J Mycobacteriol. 2015 Mar;4(1):60-6. doi: 10.1016/j.ijmyco.2014.11.061.","Int J Mycobacteriol.  2015","PubMed","citation","PMID:26655200","pubmed","26655200","create date:2015/12/15 | first author:Maruthai K",
"Advances in quantitative bioanalysis of oligonucleotide biomarkers and therapeutics.","/pubmed/26652713","Wang L, Ji C.","Bioanalysis. 2016;8(2):143-55. doi: 10.4155/bio.15.234. Review.","Bioanalysis.  2016","PubMed","citation","PMID:26652713","pubmed","26652713","create date:2015/12/15 | first author:Wang L",
"Structure and fabrication details of an integrated modularized microfluidic system.","/pubmed/26594657","Tian Q, Mu Y, Xu Y, Song Q, Yu B, Ma C, Jin W, Jin Q.","Data Brief. 2015 Oct 8;5:461-7. doi: 10.1016/j.dib.2015.09.036.","Data Brief.  2015","PubMed","citation","PMID:26594657 | PMCID:PMC4610953","pubmed","26594657","create date:2015/11/26 | first author:Tian Q",
"Assessment of the real-time PCR and different digital PCR platforms for DNA quantification.","/pubmed/26521179","Pavšič J, Žel J, Milavec M.","Anal Bioanal Chem. 2016 Jan;408(1):107-21. doi: 10.1007/s00216-015-9107-2.","Anal Bioanal Chem.  2016","PubMed","citation","PMID:26521179 | PMCID:PMC4706846","pubmed","26521179","create date:2015/11/02 | first author:Pavšič J",
"EGFR mutation detection in ctDNA from NSCLC patient plasma: A cross-platform comparison of leading technologies to support the clinical development of AZD9291.","/pubmed/26494259","Thress KS, Brant R, Carr TH, Dearden S, Jenkins S, Brown H, Hammett T, Cantarini M, Barrett JC.","Lung Cancer. 2015 Dec;90(3):509-15. doi: 10.1016/j.lungcan.2015.10.004.","Lung Cancer.  2015","PubMed","citation","PMID:26494259","pubmed","26494259","create date:2015/10/24 | first author:Thress KS",
"Comparison of methods for the enumeration of enterohemorrhagic Escherichia coli from veal hides and carcasses.","/pubmed/26483780","Luedtke BE, Bosilevac JM.","Front Microbiol. 2015 Sep 29;6:1062. doi: 10.3389/fmicb.2015.01062.","Front Microbiol.  2015","PubMed","citation","PMID:26483780 | PMCID:PMC4586433","pubmed","26483780","create date:2015/10/21 | first author:Luedtke BE",
"Digital PCR for direct quantification of viruses without DNA extraction.","/pubmed/26483186","Pavšič J, Žel J, Milavec M.","Anal Bioanal Chem. 2016 Jan;408(1):67-75. doi: 10.1007/s00216-015-9109-0.","Anal Bioanal Chem.  2016","PubMed","citation","PMID:26483186 | PMCID:PMC4706837","pubmed","26483186","create date:2015/10/21 | first author:Pavšič J",
"Real-time cdPCR opens a window into events occurring in the first few PCR amplification cycles.","/pubmed/26438478","Duewer DL, Kline MC, Romsos EL.","Anal Bioanal Chem. 2015 Dec;407(30):9061-9. doi: 10.1007/s00216-015-9073-8.","Anal Bioanal Chem.  2015","PubMed","citation","PMID:26438478","pubmed","26438478","create date:2015/10/07 | first author:Duewer DL",
"Statistical Models for the Analysis and Design of Digital Polymerase Chain Reaction (dPCR) Experiments.","/pubmed/26436653","Dorazio RM, Hunter ME.","Anal Chem. 2015 Nov 3;87(21):10886-93. doi: 10.1021/acs.analchem.5b02429.","Anal Chem.  2015","PubMed","citation","PMID:26436653","pubmed","26436653","create date:2015/10/06 | first author:Dorazio RM",
"Circulating free DNA as non-invasive diagnostic biomarker for childhood solid tumors.","/pubmed/26388126","Kurihara S, Ueda Y, Onitake Y, Sueda T, Ohta E, Morihara N, Hirano S, Irisuna F, Hiyama E.","J Pediatr Surg. 2015 Dec;50(12):2094-7. doi: 10.1016/j.jpedsurg.2015.08.033.","J Pediatr Surg.  2015","PubMed","citation","PMID:26388126","pubmed","26388126","create date:2015/09/22 | first author:Kurihara S",
"An integrated microfluidic system for bovine DNA purification and digital PCR detection.","/pubmed/26364950","Tian Q, Mu Y, Xu Y, Song Q, Yu B, Ma C, Jin W, Jin Q.","Anal Biochem. 2015 Dec 15;491:55-7. doi: 10.1016/j.ab.2015.08.030.","Anal Biochem.  2015","PubMed","citation","PMID:26364950","pubmed","26364950","create date:2015/09/15 | first author:Tian Q",
"Fetal Sex and RHD Genotyping with Digital PCR Demonstrates Greater Sensitivity than Real-time PCR.","/pubmed/26354802","Sillence KA, Roberts LA, Hollands HJ, Thompson HP, Kiernan M, Madgett TE, Welch CR, Avent ND.","Clin Chem. 2015 Nov;61(11):1399-407. doi: 10.1373/clinchem.2015.239137.","Clin Chem.  2015","PubMed","citation","PMID:26354802","pubmed","26354802","create date:2015/09/12 | first author:Sillence KA",
"Quantification of Listeria monocytogenes cells with digital PCR and their biofilm cells with real-time PCR.","/pubmed/26304835","Klančnik A, Toplak N, Kovač M, Marquis H, Jeršek B.","J Microbiol Methods. 2015 Nov;118:37-41. doi: 10.1016/j.mimet.2015.08.012.","J Microbiol Methods.  2015","PubMed","citation","PMID:26304835","pubmed","26304835","create date:2015/08/26 | first author:Klančnik A",
"Comparison of four digital PCR platforms for accurate quantification of DNA copy number of a certified plasmid DNA reference material.","/pubmed/26302947","Dong L, Meng Y, Sui Z, Wang J, Wu L, Fu B.","Sci Rep. 2015 Aug 25;5:13174. doi: 10.1038/srep13174.","Sci Rep.  2015","PubMed","citation","PMID:26302947 | PMCID:PMC4548226","pubmed","26302947","create date:2015/08/26 | first author:Dong L",
"SMN1 and SMN2 copy numbers in cell lines derived from patients with spinal muscular atrophy as measured by array digital PCR.","/pubmed/26247043","Stabley DL, Harris AW, Holbrook J, Chubbs NJ, Lozo KW, Crawford TO, Swoboda KJ, Funanage VL, Wang W, Mackenzie W, Scavina M, Sol-Church K, Butchbach ME.","Mol Genet Genomic Med. 2015 Jul;3(4):248-57. doi: 10.1002/mgg3.141.","Mol Genet Genomic Med.  2015","PubMed","citation","PMID:26247043 | PMCID:PMC4521962","pubmed","26247043","create date:2015/08/08 | first author:Stabley DL",
Title,URL,Description,Details,ShortDetails,Resource,Type,Identifiers,Db,EntrezUID,Properties
"Assessment of DNA Integrity, Applications for Cancer Research.","/pubmed/26231488","Zonta E, Nizard P, Taly V.","Adv Clin Chem. 2015;70:197-246. doi: 10.1016/bs.acc.2015.03.002. Review.","Adv Clin Chem.  2015","PubMed","citation","PMID:26231488","pubmed","26231488","create date:2015/08/02 | first author:Zonta E",
"Age and dPCR can predict relapse in CML patients who discontinued imatinib: the ISAV study.","/pubmed/26178642","Mori S, Vagge E, le Coutre P, Abruzzese E, Martino B, Pungolino E, Elena C, Pierri I, Assouline S, D'Emilio A, Gozzini A, Giraldo P, Stagno F, Iurlo A, Luciani M, De Riso G, Redaelli S, Kim DW, Pirola A, Mezzatesta C, Petroccione A, Lodolo D'Oria A, et al.","Am J Hematol. 2015 Oct;90(10):910-4. doi: 10.1002/ajh.24120.","Am J Hematol.  2015","PubMed","citation","PMID:26178642","pubmed","26178642","create date:2015/07/17 | first author:Mori S",
"Variations of BRAF mutant allele percentage in melanomas.","/pubmed/26141748","Hélias-Rodzewicz Z, Funck-Brentano E, Baudoux L, Jung CK, Zimmermann U, Marin C, Clerici T, Le Gall C, Peschaud F, Taly V, Saiag P, Emile JF.","BMC Cancer. 2015 Jul 4;15:497. doi: 10.1186/s12885-015-1515-3.","BMC Cancer.  2015","PubMed","citation","PMID:26141748 | PMCID:PMC4491198","pubmed","26141748","create date:2015/07/05 | first author:Hélias-Rodzewicz Z",
"A nanoliter self-priming compartmentalization chip for point-of-care digital PCR analysis.","/pubmed/26029750","Song Q, Gao Y, Zhu Q, Tian Q, Yu B, Song B, Xu Y, Yuan M, Ma C, Jin W, Zhang T, Mu Y, Jin Q.","Biomed Microdevices. 2015;17(3):9970.","Biomed Microdevices.  2015","PubMed","citation","PMID:26029750","pubmed","26029750","create date:2015/06/02 | first author:Song Q",
"A nanoliter self-priming compartmentalization chip for point-of-care digital PCR analysis.","/pubmed/26022215","Song Q, Gao Y, Zhu Q, Tian Q, Yu B, Song B, Xu Y, Yuan M, Ma C, Jin W, Zhang T, Mu Y, Jin Q.","Biomed Microdevices. 2015;17(3):64. doi: 10.1007/s10544-015-9970-9.","Biomed Microdevices.  2015","PubMed","citation","PMID:26022215","pubmed","26022215","create date:2015/05/30 | first author:Song Q",
"Highly sensitive and quantitative evaluation of the EGFR T790M mutation by nanofluidic digital PCR.","/pubmed/26015401","Iwama E, Takayama K, Harada T, Okamoto I, Ookubo F, Kishimoto J, Baba E, Oda Y, Nakanishi Y.","Oncotarget. 2015 Aug 21;6(24):20466-73.","Oncotarget.  2015","PubMed","citation","PMID:26015401 | PMCID:PMC4653018","pubmed","26015401","create date:2015/05/28 | first author:Iwama E",
"Molecular methods (digital PCR and real-time PCR) for the quantification of low copy DNA of Phytophthora nicotianae in environmental samples.","/pubmed/26012497","Blaya J, Lloret E, Santísima-Trinidad AB, Ros M, Pascual JA.","Pest Manag Sci. 2016 Apr;72(4):747-53. doi: 10.1002/ps.4048.","Pest Manag Sci.  2016","PubMed","citation","PMID:26012497","pubmed","26012497","create date:2015/05/28 | first author:Blaya J",
"A field trial of a PCR-based Mansonella ozzardi diagnosis assay detects high-levels of submicroscopic M. ozzardi infections in both venous blood samples and FTA card dried blood spots.","/pubmed/25990611","Medeiros JF, Almeida TA, Silva LB, Rubio JM, Crainey JL, Pessoa FA, Luz SL.","Parasit Vectors. 2015 May 20;8:280. doi: 10.1186/s13071-015-0889-z.","Parasit Vectors.  2015","PubMed","citation","PMID:25990611 | PMCID:PMC4472411","pubmed","25990611","create date:2015/05/21 | first author:Medeiros JF",
"Droplet digital PCR for absolute quantification of pathogens.","/pubmed/25981265","Gutiérrez-Aguirre I, Rački N, Dreo T, Ravnikar M.","Methods Mol Biol. 2015;1302:331-47. doi: 10.1007/978-1-4939-2620-6_24.","Methods Mol Biol.  2015","PubMed","citation","PMID:25981265","pubmed","25981265","create date:2015/05/20 | first author:Gutiérrez-Aguirre I",
"mRNA transfection of a novel TAL effector nuclease (TALEN) facilitates efficient knockout of HIV co-receptor CCR5.","/pubmed/25964300","Mock U, Machowicz R, Hauber I, Horn S, Abramowski P, Berdien B, Hauber J, Fehse B.","Nucleic Acids Res. 2015 Jun 23;43(11):5560-71. doi: 10.1093/nar/gkv469.","Nucleic Acids Res.  2015","PubMed","citation","PMID:25964300 | PMCID:PMC4477672","pubmed","25964300","create date:2015/05/13 | first author:Mock U",
"Next-Generation Genotyping by Digital PCR to Detect and Quantify the BRAF V600E Mutation in Melanoma Biopsies.","/pubmed/25952101","Lamy PJ, Castan F, Lozano N, Montélion C, Audran P, Bibeau F, Roques S, Montels F, Laberenne AC.","J Mol Diagn. 2015 Jul;17(4):366-73. doi: 10.1016/j.jmoldx.2015.02.004.","J Mol Diagn.  2015","PubMed","citation","PMID:25952101","pubmed","25952101","create date:2015/05/09 | first author:Lamy PJ",
"Digital PCR analysis of circulating nucleic acids.","/pubmed/25828047","Hudecova I.","Clin Biochem. 2015 Oct;48(15):948-56. doi: 10.1016/j.clinbiochem.2015.03.015. Review.","Clin Biochem.  2015","PubMed","citation","PMID:25828047","pubmed","25828047","create date:2015/04/02 | first author:Hudecova I",
"Digital PCR to assess hematopoietic chimerism after allogeneic stem cell transplantation.","/pubmed/25795523","Stahl T, Böhme MU, Kröger N, Fehse B.","Exp Hematol. 2015 Jun;43(6):462-8.e1. doi: 10.1016/j.exphem.2015.02.006.","Exp Hematol.  2015","PubMed","citation","PMID:25795523","pubmed","25795523","create date:2015/03/22 | first author:Stahl T",
"Digital PCR validates 8q dosage as prognostic tool in uveal melanoma.","/pubmed/25764247","Versluis M, de Lange MJ, van Pelt SI, Ruivenkamp CA, Kroes WG, Cao J, Jager MJ, Luyten GP, van der Velden PA.","PLoS One. 2015 Mar 12;10(3):e0116371. doi: 10.1371/journal.pone.0116371.","PLoS One.  2015","PubMed","citation","PMID:25764247 | PMCID:PMC4357379","pubmed","25764247","create date:2015/03/13 | first author:Versluis M",
"PIK3CA mutations in serum DNA are predictive of recurrence in primary breast cancer patients.","/pubmed/25736040","Oshiro C, Kagara N, Naoi Y, Shimoda M, Shimomura A, Maruyama N, Shimazu K, Kim SJ, Noguchi S.","Breast Cancer Res Treat. 2015 Apr;150(2):299-307. doi: 10.1007/s10549-015-3322-6.","Breast Cancer Res Treat.  2015","PubMed","citation","PMID:25736040","pubmed","25736040","create date:2015/03/05 | first author:Oshiro C",
"A comparative study of digital RT-PCR and RT-qPCR for quantification of Hepatitis A virus and Norovirus in lettuce and water samples.","/pubmed/25725459","Coudray-Meunier C, Fraisse A, Martin-Latil S, Guillier L, Delannoy S, Fach P, Perelle S.","Int J Food Microbiol. 2015 May 18;201:17-26. doi: 10.1016/j.ijfoodmicro.2015.02.006.","Int J Food Microbiol.  2015","PubMed","citation","PMID:25725459","pubmed","25725459","create date:2015/03/01 | first author:Coudray-Meunier C",
"[Digital PCR compartmentalization I. Single-molecule detection of rare mutations].","/pubmed/25658735","Perez-Toralla K, Pekin D, Bartolo JF, Garlan F, Nizard P, Laurent-Puig P, Baret JC, Taly V.","Med Sci (Paris). 2015 Jan;31(1):84-92. doi: 10.1051/medsci/20153101017. Review. French. ","Med Sci (Paris).  2015","PubMed","citation","PMID:25658735","pubmed","25658735","create date:2015/02/07 | first author:Perez-Toralla K",
"A new general model for predicting melting thermodynamics of complementary and mismatched B-form duplexes containing locked nucleic acids: application to probe design for digital PCR detection of somatic mutations.","/pubmed/25654628","Hughesman C, Fakhfakh K, Bidshahri R, Lund HL, Haynes C.","Biochemistry. 2015 Feb 17;54(6):1338-52. doi: 10.1021/bi500905b.","Biochemistry.  2015","PubMed","citation","PMID:25654628","pubmed","25654628","create date:2015/02/06 | first author:Hughesman C",
"Highly reproducible absolute quantification of Mycobacterium tuberculosis complex by digital PCR.","/pubmed/25646934","Devonshire AS, Honeyborne I, Gutteridge A, Whale AS, Nixon G, Wilson P, Jones G, McHugh TD, Foy CA, Huggett JF.","Anal Chem. 2015 Apr 7;87(7):3706-13. doi: 10.1021/ac5041617.","Anal Chem.  2015","PubMed","citation","PMID:25646934","pubmed","25646934","create date:2015/02/04 | first author:Devonshire AS",
"DNA copy number concentration measured by digital and droplet digital quantitative PCR using certified reference materials.","/pubmed/25600685","Corbisier P, Pinheiro L, Mazoua S, Kortekaas AM, Chung PY, Gerganova T, Roebben G, Emons H, Emslie K.","Anal Bioanal Chem. 2015 Mar;407(7):1831-40. doi: 10.1007/s00216-015-8458-z.","Anal Bioanal Chem.  2015","PubMed","citation","PMID:25600685 | PMCID:PMC4336415","pubmed","25600685","create date:2015/01/21 | first author:Corbisier P",
"Quantification of epigenetic biomarkers: an evaluation of established and emerging methods for DNA methylation analysis.","/pubmed/25539843","Redshaw N, Huggett JF, Taylor MS, Foy CA, Devonshire AS.","BMC Genomics. 2014 Dec 23;15:1174. doi: 10.1186/1471-2164-15-1174.","BMC Genomics.  2014","PubMed","citation","PMID:25539843 | PMCID:PMC4523014","pubmed","25539843","create date:2014/12/30 | first author:Redshaw N",
"Stability of absolute copy number of housekeeping genes in preeclamptic and normal placentas, as measured by digital PCR.","/pubmed/25454476","Kaitu'u-Lino TJ, Hastie R, Cannon P, Lee S, Stock O, Hannan NJ, Hiscock R, Tong S.","Placenta. 2014 Dec;35(12):1106-9. doi: 10.1016/j.placenta.2014.10.003.","Placenta.  2014","PubMed","citation","PMID:25454476","pubmed","25454476","create date:2014/12/03 | first author:Kaitu'u-Lino TJ",
"Identification of a novel large deletion in a patient with severe factor V deficiency using an in-house F5 MLPA assay.","/pubmed/25438872","Nuzzo F, Paraboschi EM, Straniero L, Pavlova A, Duga S, Castoldi E.","Haemophilia. 2015 Jan;21(1):140-7. doi: 10.1111/hae.12536.","Haemophilia.  2015","PubMed","citation","PMID:25438872","pubmed","25438872","create date:2014/12/03 | first author:Nuzzo F",
"Assessing the accuracy of quantitative molecular microbial profiling.","/pubmed/25421243","O'Sullivan DM, Laver T, Temisak S, Redshaw N, Harris KA, Foy CA, Studholme DJ, Huggett JF.","Int J Mol Sci. 2014 Nov 21;15(11):21476-91. doi: 10.3390/ijms151121476.","Int J Mol Sci.  2014","PubMed","citation","PMID:25421243 | PMCID:PMC4264237","pubmed","25421243","create date:2014/11/26 | first author:O'Sullivan DM",
"High-resolution melting analysis reveals low Plasmodium parasitaemia infections among microscopically negative febrile patients in western Kenya.","/pubmed/25399409","Kipanga PN, Omondi D, Mireji PO, Sawa P, Masiga DK, Villinger J.","Malar J. 2014 Nov 15;13:429. doi: 10.1186/1475-2875-13-429.","Malar J.  2014","PubMed","citation","PMID:25399409 | PMCID:PMC4246433","pubmed","25399409","create date:2014/11/17 | first author:Kipanga PN",
"Considerations for digital PCR as an accurate molecular diagnostic tool.","/pubmed/25338683","Huggett JF, Cowen S, Foy CA.","Clin Chem. 2015 Jan;61(1):79-88. doi: 10.1373/clinchem.2014.221366. Review.","Clin Chem.  2015","PubMed","citation","PMID:25338683","pubmed","25338683","create date:2014/10/24 | first author:Huggett JF",
"Clinical relevance of KRAS-mutated subclones detected with picodroplet digital PCR in advanced colorectal cancer treated with anti-EGFR therapy.","/pubmed/25248381","Laurent-Puig P, Pekin D, Normand C, Kotsopoulos SK, Nizard P, Perez-Toralla K, Rowell R, Olson J, Srinivasan P, Le Corre D, Hor T, El Harrak Z, Li X, Link DR, Bouché O, Emile JF, Landi B, Boige V, Hutchison JB, Taly V.","Clin Cancer Res. 2015 Mar 1;21(5):1087-97. doi: 10.1158/1078-0432.CCR-14-0983.","Clin Cancer Res.  2015","PubMed","citation","PMID:25248381","pubmed","25248381","create date:2014/09/25 | first author:Laurent-Puig P",
"Quantitative analysis of pork and chicken products by droplet digital PCR.","/pubmed/25243184","Cai Y, Li X, Lv R, Yang J, Li J, He Y, Pan L.","Biomed Res Int. 2014;2014:810209. doi: 10.1155/2014/810209.","Biomed Res Int.  2014","PubMed","citation","PMID:25243184 | PMCID:PMC4163444","pubmed","25243184","create date:2014/09/23 | first author:Cai Y",
"Impact of variance components on reliability of absolute quantification using digital PCR.","/pubmed/25147026","Jacobs BK, Goetghebeur E, Clement L.","BMC Bioinformatics. 2014 Aug 22;15:283. doi: 10.1186/1471-2105-15-283.","BMC Bioinformatics.  2014","PubMed","citation","PMID:25147026 | PMCID:PMC4261249","pubmed","25147026","create date:2014/08/26 | first author:Jacobs BK",
"Determining lower limits of detection of digital PCR assays for cancer-related gene mutations.","/pubmed/27920993","Milbury CA, Zhong Q, Lin J, Williams M, Olson J, Link DR, Hutchison B.","Biomol Detect Quantif. 2014 Aug 20;1(1):8-22.","Biomol Detect Quantif.  2014","PubMed","citation","PMID:27920993 | PMCID:PMC5129438","pubmed","27920993","create date:2014/08/20 | first author:Milbury CA",
"A novel cost effective and high-throughput isolation and identification method for marine microalgae.","/pubmed/25114712","Jahn MT, Schmidt K, Mock T.","Plant Methods. 2014 Aug 7;10:26. doi: 10.1186/1746-4811-10-26.","Plant Methods.  2014","PubMed","citation","PMID:25114712 | PMCID:PMC4128616","pubmed","25114712","create date:2014/08/13 | first author:Jahn MT",
"Direct elicitation of template concentration from quantification cycle (Cq) distributions in digital PCR.","/pubmed/25104023","Mojtahedi M, Fouquier d'Hérouël A, Huang S.","Nucleic Acids Res. 2014;42(16):e126. doi: 10.1093/nar/gku603.","Nucleic Acids Res.  2014","PubMed","citation","PMID:25104023 | PMCID:PMC4176345","pubmed","25104023","create date:2014/08/12 | first author:Mojtahedi M",
"Quantitative detection of human enteric adenoviruses in river water by microfluidic digital polymerase chain reaction.","/pubmed/25098888","Kishida N, Noda N, Haramoto E, Kawaharasaki M, Akiba M, Sekiguchi Y.","Water Sci Technol. 2014;70(3):555-60. doi: 10.2166/wst.2014.262.","Water Sci Technol.  2014","PubMed","citation","PMID:25098888","pubmed","25098888","create date:2014/08/08 | first author:Kishida N",
"Clinical utility of droplet digital PCR for human cytomegalovirus.","/pubmed/24871214","Sedlak RH, Cook L, Cheng A, Magaret A, Jerome KR.","J Clin Microbiol. 2014 Aug;52(8):2844-8. doi: 10.1128/JCM.00803-14.","J Clin Microbiol.  2014","PubMed","citation","PMID:24871214 | PMCID:PMC4136144","pubmed","24871214","create date:2014/05/30 | first author:Sedlak RH",
"Methods for multiplex template sampling in digital PCR assays.","/pubmed/24854517","Petriv OI, Heyries KA, VanInsberghe M, Walker D, Hansen CL.","PLoS One. 2014 May 22;9(5):e98341. doi: 10.1371/journal.pone.0098341.","PLoS One.  2014","PubMed","citation","PMID:24854517 | PMCID:PMC4031183","pubmed","24854517","create date:2014/05/24 | first author:Petriv OI",
"Droplet digital PCR technology promises new applications and research areas.","/pubmed/24779593","Manoj P.","Mitochondrial DNA A DNA Mapp Seq Anal. 2016;27(1):742-6. doi: 10.3109/19401736.2014.913168.","Mitochondrial DNA A DNA Mapp Seq Anal.  2016","PubMed","citation","PMID:24779593","pubmed","24779593","create date:2014/05/02 | first author:Manoj P",
"Clinical applications using digital PCR.","/pubmed/24740231","Bizouarn F.","Methods Mol Biol. 2014;1160:189-214. doi: 10.1007/978-1-4939-0733-5_16.","Methods Mol Biol.  2014","PubMed","citation","PMID:24740231","pubmed","24740231","create date:2014/04/18 | first author:Bizouarn F",
"Introduction to digital PCR.","/pubmed/24740219","Bizouarn F.","Methods Mol Biol. 2014;1160:27-41. doi: 10.1007/978-1-4939-0733-5_4.","Methods Mol Biol.  2014","PubMed","citation","PMID:24740219","pubmed","24740219","create date:2014/04/18 | first author:Bizouarn F",
"The potential advantages of digital PCR for clinical virology diagnostics.","/pubmed/24724628","Hall Sedlak R, Jerome KR.","Expert Rev Mol Diagn. 2014 May;14(4):501-7. doi: 10.1586/14737159.2014.910456. Review.","Expert Rev Mol Diagn.  2014","PubMed","citation","PMID:24724628","pubmed","24724628","create date:2014/04/15 | first author:Hall Sedlak R",
"Comparative study of sensitivity, linearity, and resistance to inhibition of digital and nondigital polymerase chain reaction and loop mediated isothermal amplification assays for quantification of human cytomegalovirus.","/pubmed/24684191","Nixon G, Garson JA, Grant P, Nastouli E, Foy CA, Huggett JF.","Anal Chem. 2014 May 6;86(9):4387-94. doi: 10.1021/ac500208w.","Anal Chem.  2014","PubMed","citation","PMID:24684191","pubmed","24684191","create date:2014/04/02 | first author:Nixon G",
"Family load estimates and risk factors of anxiety disorders in a nationwide three generation study.","/pubmed/24656517","Helenius D, Munk-Jørgensen P, Steinhausen HC.","Psychiatry Res. 2014 May 30;216(3):351-6. doi: 10.1016/j.psychres.2014.02.026.","Psychiatry Res.  2014","PubMed","citation","PMID:24656517","pubmed","24656517","create date:2014/03/25 | first author:Helenius D",
"Use of a high sensitive nanofluidic array for the detection of rare copies of BCR-ABL1 transcript in patients with Philadelphia-positive acute lymphoblastic leukemia in complete response.","/pubmed/24630366","Iacobucci I, Lonetti A, Venturi C, Ferrari A, Papayannidis C, Ottaviani E, Abbenante MC, Paolini S, Bresciani P, Potenza L, Parisi S, Cattina F, Soverini S, Russo D, Luppi M, Martinelli G.","Leuk Res. 2014 May;38(5):581-5. doi: 10.1016/j.leukres.2014.02.005.","Leuk Res.  2014","PubMed","citation","PMID:24630366","pubmed","24630366","create date:2014/03/19 | first author:Iacobucci I",
"Development of a novel reference plasmid for accurate quantification of genetically modified Kefeng6 rice DNA in food and feed samples.","/pubmed/24324952","Li L, Zhang X, Wan Y, Jin W.","Biomed Res Int. 2013;2013:134675. doi: 10.1155/2013/134675.","Biomed Res Int.  2013","PubMed","citation","PMID:24324952 | PMCID:PMC3845723","pubmed","24324952","create date:2013/12/11 | first author:Li L",
"A method of direct PCR without DNA extraction for rapid detection of begomoviruses infecting jute and mesta.","/pubmed/24261838","Biswas C, Dey P, Satpathy S.","Lett Appl Microbiol. 2014 Apr;58(4):350-5. doi: 10.1111/lam.12196.","Lett Appl Microbiol.  2014","PubMed","citation","PMID:24261838","pubmed","24261838","create date:2013/11/23 | first author:Biswas C",
"Determination of HSV-1 UL5 and UL29 gene copy numbers in an HSV complementing Vero cell line.","/pubmed/24140636","Azizi A, Aidoo F, Gisonni-Lex L, McNeil B.","J Biotechnol. 2013 Dec;168(4):382-7. doi: 10.1016/j.jbiotec.2013.10.002.","J Biotechnol.  2013","PubMed","citation","PMID:24140636","pubmed","24140636","create date:2013/10/22 | first author:Azizi A",
"ADHD, stimulant treatment in childhood and subsequent substance abuse in adulthood - a naturalistic long-term follow-up study.","/pubmed/24090624","Dalsgaard S, Mortensen PB, Frydenberg M, Thomsen PH.","Addict Behav. 2014 Jan;39(1):325-8. doi: 10.1016/j.addbeh.2013.09.002.","Addict Behav.  2014","PubMed","citation","PMID:24090624","pubmed","24090624","create date:2013/10/05 | first author:Dalsgaard S",
"Evaluation of digital PCR for absolute RNA quantification.","/pubmed/24073259","Sanders R, Mason DJ, Foy CA, Huggett JF.","PLoS One. 2013 Sep 20;8(9):e75296. doi: 10.1371/journal.pone.0075296.","PLoS One.  2013","PubMed","citation","PMID:24073259 | PMCID:PMC3779174","pubmed","24073259","create date:2013/09/28 | first author:Sanders R",
"Multiplex picodroplet digital PCR to detect KRAS mutations in circulating DNA from the plasma of colorectal cancer patients.","/pubmed/23938455","Taly V, Pekin D, Benhaim L, Kotsopoulos SK, Le Corre D, Li X, Atochin I, Link DR, Griffiths AD, Pallier K, Blons H, Bouché O, Landi B, Hutchison JB, Laurent-Puig P.","Clin Chem. 2013 Dec;59(12):1722-31. doi: 10.1373/clinchem.2013.206359.","Clin Chem.  2013","PubMed","citation","PMID:23938455","pubmed","23938455","create date:2013/08/14 | first author:Taly V",
"Single molecule quantitation and sequencing of rare translocations using microfluidic nested digital PCR.","/pubmed/23873959","Shuga J, Zeng Y, Novak R, Lan Q, Tang X, Rothman N, Vermeulen R, Li L, Hubbard A, Zhang L, Mathies RA, Smith MT.","Nucleic Acids Res. 2013 Sep;41(16):e159. doi: 10.1093/nar/gkt613.","Nucleic Acids Res.  2013","PubMed","citation","PMID:23873959 | PMCID:PMC3763562","pubmed","23873959","create date:2013/07/23 | first author:Shuga J",
"High-throughput microfluidic single-cell digital polymerase chain reaction.","/pubmed/23819473","White AK, Heyries KA, Doolin C, Vaninsberghe M, Hansen CL.","Anal Chem. 2013 Aug 6;85(15):7182-90. doi: 10.1021/ac400896j.","Anal Chem.  2013","PubMed","citation","PMID:23819473","pubmed","23819473","create date:2013/07/04 | first author:White AK",
Title,URL,Description,Details,ShortDetails,Resource,Type,Identifiers,Db,EntrezUID,Properties
"Digital PCR to determine the number of transcripts from single neurons after patch-clamp recording.","/pubmed/23750542","Faragó N, Kocsis ÁK, Lovas S, Molnár G, Boldog E, Rózsa M, Szemenyei V, Vámos E, Nagy LI, Tamás G, Puskás LG.","Biotechniques. 2013 Jun;54(6):327-36. doi: 10.2144/000114029.","Biotechniques.  2013","PubMed","citation","PMID:23750542","pubmed","23750542","create date:2013/06/12 | first author:Faragó N",
"Digital quantitation of potential therapeutic target RNAs.","/pubmed/23656494","Dodd DW, Gagnon KT, Corey DR.","Nucleic Acid Ther. 2013 Jun;23(3):188-94. doi: 10.1089/nat.2013.0427.","Nucleic Acid Ther.  2013","PubMed","citation","PMID:23656494 | PMCID:PMC3660070","pubmed","23656494","create date:2013/05/10 | first author:Dodd DW",
"The digital MIQE guidelines: Minimum Information for Publication of Quantitative Digital PCR Experiments.","/pubmed/23570709","Huggett JF, Foy CA, Benes V, Emslie K, Garson JA, Haynes R, Hellemans J, Kubista M, Mueller RD, Nolan T, Pfaffl MW, Shipley GL, Vandesompele J, Wittwer CT, Bustin SA.","Clin Chem. 2013 Jun;59(6):892-902. doi: 10.1373/clinchem.2013.206375.","Clin Chem.  2013","PubMed","citation","PMID:23570709","pubmed","23570709","create date:2013/04/11 | first author:Huggett JF",
"Methods for applying accurate digital PCR analysis on low copy DNA samples.","/pubmed/23472156","Whale AS, Cowen S, Foy CA, Huggett JF.","PLoS One. 2013;8(3):e58177. doi: 10.1371/journal.pone.0058177.","PLoS One.  2013","PubMed","citation","PMID:23472156 | PMCID:PMC3589384","pubmed","23472156","create date:2013/03/09 | first author:Whale AS",
"A three generations nation-wide population study of family load estimates in bipolar disorder with different age at onset.","/pubmed/23332644","Helenius D, Jørgensen PM, Steinhausen HC.","J Affect Disord. 2013 Aug 15;150(1):146-51. doi: 10.1016/j.jad.2012.12.013.","J Affect Disord.  2013","PubMed","citation","PMID:23332644","pubmed","23332644","create date:2013/01/22 | first author:Helenius D",
"Mechanistic evaluation of the pros and cons of digital RT-LAMP for HIV-1 viral load quantification on a microfluidic device and improved efficiency via a two-step digital protocol.","/pubmed/23324061","Sun B, Shen F, McCalla SE, Kreutz JE, Karymov MA, Ismagilov RF.","Anal Chem. 2013 Feb 5;85(3):1540-6. doi: 10.1021/ac3037206.","Anal Chem.  2013","PubMed","citation","PMID:23324061 | PMCID:PMC3578705","pubmed","23324061","create date:2013/01/18 | first author:Sun B",
"Vittaforma corneae keratitis in southern India: role of a novel duplex PCR.","/pubmed/23319308","Bharathi MJ, Murugan N, Kumar GR, Ramakrishnan R, Anitha V, Ramesh S.","J Med Microbiol. 2013 Apr;62(Pt 4):553-9. doi: 10.1099/jmm.0.051722-0. Erratum in: J Med Microbiol. 2014 Apr;63(Pt 4):625. Murugan, N [added]. ","J Med Microbiol.  2013","PubMed","citation","PMID:23319308","pubmed","23319308","create date:2013/01/16 | first author:Bharathi MJ",
"Digital polymerase chain reaction measured pUC19 marker as calibrant for HPLC measurement of DNA quantity.","/pubmed/23215355","Burke DG, Dong L, Bhat S, Forbes-Smith M, Fu S, Pinheiro L, Jing W, Emslie KR.","Anal Chem. 2013 Feb 5;85(3):1657-64. doi: 10.1021/ac302925f.","Anal Chem.  2013","PubMed","citation","PMID:23215355","pubmed","23215355","create date:2012/12/12 | first author:Burke DG",
"Viral diagnostics in the era of digital polymerase chain reaction.","/pubmed/23182074","Sedlak RH, Jerome KR.","Diagn Microbiol Infect Dis. 2013 Jan;75(1):1-4. doi: 10.1016/j.diagmicrobio.2012.10.009. Review.","Diagn Microbiol Infect Dis.  2013","PubMed","citation","PMID:23182074 | PMCID:PMC3519953","pubmed","23182074","create date:2012/11/28 | first author:Sedlak RH",
"Detection of heterogeneity of Borrelia burgdorferi in ixodes ticks by culture-dependent and culture-independent methods.","/pubmed/23175266","Xu G, Wesker J, White C, Campbell J, Reich NG, Rich SM.","J Clin Microbiol. 2013 Feb;51(2):615-7. doi: 10.1128/JCM.03009-12.","J Clin Microbiol.  2013","PubMed","citation","PMID:23175266 | PMCID:PMC3553859","pubmed","23175266","create date:2012/11/24 | first author:Xu G",
"Simultaneous detection of Clostridium perfringens and Clostridium colinum by duplex-polymerase chain reaction.","/pubmed/23155016","Roussan DA, Shaheen IA, Totanji WS, Khawaldeh GY, Al Rifai RH.","Poult Sci. 2012 Dec;91(12):3080-5. doi: 10.3382/ps.2012-02368.","Poult Sci.  2012","PubMed","citation","PMID:23155016","pubmed","23155016","create date:2012/11/17 | first author:Roussan DA",
"Estimated copy number of Bacillus anthracis plasmids pXO1 and pXO2 using digital PCR.","/pubmed/23142659","Straub T, Baird C, Bartholomew RA, Colburn H, Seiner D, Victry K, Zhang L, Bruckner-Lea CJ.","J Microbiol Methods. 2013 Jan;92(1):9-10. doi: 10.1016/j.mimet.2012.10.013.","J Microbiol Methods.  2013","PubMed","citation","PMID:23142659","pubmed","23142659","create date:2012/11/13 | first author:Straub T",
"CDS: a fold-change based statistical test for concomitant identification of distinctness and similarity in gene expression analysis.","/pubmed/22917185","Tchitchek N, Dzib JF, Targat B, Noth S, Benecke A, Lesne A.","Genomics Proteomics Bioinformatics. 2012 Jun;10(3):127-35. doi: 10.1016/j.gpb.2012.06.002.","Genomics Proteomics Bioinformatics.  2012","PubMed","citation","PMID:22917185 | PMCID:PMC5054499","pubmed","22917185","create date:2012/08/25 | first author:Tchitchek N",
"The effect of input DNA copy number on genotype call and characterising SNP markers in the humpback whale genome using a nanofluidic array.","/pubmed/22745712","Bhat S, Polanowski AM, Double MC, Jarman SN, Emslie KR.","PLoS One. 2012;7(6):e39181. doi: 10.1371/journal.pone.0039181.","PLoS One.  2012","PubMed","citation","PMID:22745712 | PMCID:PMC3380049","pubmed","22745712","create date:2012/06/30 | first author:Bhat S",
"Digital polymerase chain reaction in an array of femtoliter polydimethylsiloxane microreactors.","/pubmed/22482776","Men Y, Fu Y, Chen Z, Sims PA, Greenleaf WJ, Huang Y.","Anal Chem. 2012 May 15;84(10):4262-6. doi: 10.1021/ac300761n.","Anal Chem.  2012","PubMed","citation","PMID:22482776","pubmed","22482776","create date:2012/04/10 | first author:Men Y",
"Comparison of microfluidic digital PCR and conventional quantitative PCR for measuring copy number variation.","/pubmed/22373922","Whale AS, Huggett JF, Cowen S, Speirs V, Shaw J, Ellison S, Foy CA, Scott DJ.","Nucleic Acids Res. 2012 Jun;40(11):e82. doi: 10.1093/nar/gks203.","Nucleic Acids Res.  2012","PubMed","citation","PMID:22373922 | PMCID:PMC3367212","pubmed","22373922","create date:2012/03/01 | first author:Whale AS",
"HER-2/neu gene amplification assessment in breast cancer patients in Isfahan province by real time PCR, differential PCR and immunohistochemistry.","/pubmed/22326523","Hojati Z, Orangi E.","Gene. 2012 Apr 15;497(2):237-42. doi: 10.1016/j.gene.2012.01.025.","Gene.  2012","PubMed","citation","PMID:22326523","pubmed","22326523","create date:2012/02/14 | first author:Hojati Z",
"Lambda genomic DNA quantification using ultrasonic treatment followed by liquid chromatography-isotope dilution mass spectrometry.","/pubmed/22218463","Dong L, Zang C, Wang J, Li L, Gao Y, Wu L, Li P.","Anal Bioanal Chem. 2012 Feb;402(6):2079-88. doi: 10.1007/s00216-011-5644-5.","Anal Bioanal Chem.  2012","PubMed","citation","PMID:22218463","pubmed","22218463","create date:2012/01/06 | first author:Dong L",
"Digital PCR provides absolute quantitation of viral load for an occult RNA virus.","/pubmed/21983150","White RA 3rd, Quake SR, Curr K.","J Virol Methods. 2012 Jan;179(1):45-50. doi: 10.1016/j.jviromet.2011.09.017.","J Virol Methods.  2012","PubMed","citation","PMID:21983150","pubmed","21983150","create date:2011/10/11 | first author:White RA 3rd",
"Multiplex digital PCR: breaking the one target per color barrier of quantitative PCR.","/pubmed/21584334","Zhong Q, Bhattacharya S, Kotsopoulos S, Olson J, Taly V, Griffiths AD, Link DR, Larson JW.","Lab Chip. 2011 Jul 7;11(13):2167-74. doi: 10.1039/c1lc20126c.","Lab Chip.  2011","PubMed","citation","PMID:21584334","pubmed","21584334","create date:2011/05/18 | first author:Zhong Q",
"Autism spectrum disorders in siblings of children with a developmental language disorder.","/pubmed/21446849","Mouridsen SE, Hauschild KM.","Logoped Phoniatr Vocol. 2011 Dec;36(4):145-9. doi: 10.3109/14015439.2011.566575.","Logoped Phoniatr Vocol.  2011","PubMed","citation","PMID:21446849","pubmed","21446849","create date:2011/03/31 | first author:Mouridsen SE",
"Evaluation of digital PCR for absolute DNA quantification.","/pubmed/21446772","Sanders R, Huggett JF, Bushell CA, Cowen S, Scott DJ, Foy CA.","Anal Chem. 2011 Sep 1;83(17):6474-84. doi: 10.1021/ac103230c.","Anal Chem.  2011","PubMed","citation","PMID:21446772","pubmed","21446772","create date:2011/03/31 | first author:Sanders R",
"Sensitive quantitation of minimal residual disease in chronic myeloid leukemia using nanofluidic digital polymerase chain reaction assay.","/pubmed/21338281","Goh HG, Lin M, Fukushima T, Saglio G, Kim D, Choi SY, Kim SH, Lee J, Lee YS, Oh SM, Kim DW.","Leuk Lymphoma. 2011 May;52(5):896-904. doi: 10.3109/10428194.2011.555569.","Leuk Lymphoma.  2011","PubMed","citation","PMID:21338281","pubmed","21338281","create date:2011/02/23 | first author:Goh HG",
"Effect of sustained elevated temperature prior to amplification on template copy number estimation using digital polymerase chain reaction.","/pubmed/21107463","Bhat S, McLaughlin JL, Emslie KR.","Analyst. 2011 Feb 21;136(4):724-32. doi: 10.1039/c0an00484g.","Analyst.  2011","PubMed","citation","PMID:21107463","pubmed","21107463","create date:2010/11/26 | first author:Bhat S",
"Substance use disorders: findings from a longitudinal study of individuals with and without a history of developmental language disorders.","/pubmed/20938201","Mouridsen SE, Hauschild KM.","Folia Phoniatr Logop. 2011;63(4):195-200. doi: 10.1159/000316413.","Folia Phoniatr Logop.  2011","PubMed","citation","PMID:20938201","pubmed","20938201","create date:2010/10/13 | first author:Mouridsen SE",
"Comparison of methods for accurate quantification of DNA mass concentration with traceability to the international system of units.","/pubmed/20690645","Bhat S, Curach N, Mostyn T, Bains GS, Griffiths KR, Emslie KR.","Anal Chem. 2010 Sep 1;82(17):7185-92. doi: 10.1021/ac100845m.","Anal Chem.  2010","PubMed","citation","PMID:20690645","pubmed","20690645","create date:2010/08/10 | first author:Bhat S",
"Cancer genes alterations and HPV infection in oral squamous cell carcinoma.","/pubmed/20579853","Popović B, Jekić B, Novaković I, Luković L, Konstantinović V, Babić M, Milasin J.","Int J Oral Maxillofac Surg. 2010 Sep;39(9):909-15. doi: 10.1016/j.ijom.2010.05.007.","Int J Oral Maxillofac Surg.  2010","PubMed","citation","PMID:20579853","pubmed","20579853","create date:2010/06/29 | first author:Popović B",
"Evaluation of tcdB real-time PCR in a three-step diagnostic algorithm for detection of toxigenic Clostridium difficile.","/pubmed/19923482","Larson AM, Fung AM, Fang FC.","J Clin Microbiol. 2010 Jan;48(1):124-30. doi: 10.1128/JCM.00734-09.","J Clin Microbiol.  2010","PubMed","citation","PMID:19923482 | PMCID:PMC2812255","pubmed","19923482","create date:2009/11/20 | first author:Larson AM",
"Absolute quantification of genetically modified MON810 maize (Zea mays L.) by digital polymerase chain reaction.","/pubmed/19816678","Corbisier P, Bhat S, Partis L, Xie VR, Emslie KR.","Anal Bioanal Chem. 2010 Mar;396(6):2143-50. doi: 10.1007/s00216-009-3200-3.","Anal Bioanal Chem.  2010","PubMed","citation","PMID:19816678","pubmed","19816678","create date:2009/10/10 | first author:Corbisier P",
"Validity of childhood autism in the Danish Psychiatric Central Register: findings from a cohort sample born 1990-1999.","/pubmed/19728067","Lauritsen MB, Jørgensen M, Madsen KM, Lemcke S, Toft S, Grove J, Schendel DE, Thorsen P.","J Autism Dev Disord. 2010 Feb;40(2):139-48. doi: 10.1007/s10803-009-0818-0.","J Autism Dev Disord.  2010","PubMed","citation","PMID:19728067","pubmed","19728067","create date:2009/09/04 | first author:Lauritsen MB",
"A longitudinal study of personality disorders in individuals with and without a history of developmental language disorder.","/pubmed/19626542","Mouridsen SE, Hauschild KM.","Logoped Phoniatr Vocol. 2009;34(3):135-41. doi: 10.1080/14015430903117441.","Logoped Phoniatr Vocol.  2009","PubMed","citation","PMID:19626542","pubmed","19626542","create date:2009/07/25 | first author:Mouridsen SE",
"Duplex PCR assay simultaneously detecting and differentiating Bartonella quintana, B. henselae, and Coxiella burnetii in surgical heart valve specimens.","/pubmed/19553582","Tang YW.","J Clin Microbiol. 2009 Aug;47(8):2647-50. doi: 10.1128/JCM.00721-09.","J Clin Microbiol.  2009","PubMed","citation","PMID:19553582 | PMCID:PMC2725655","pubmed","19553582","create date:2009/06/26 | first author:Tang YW",
"A longitudinal study of autism spectrum disorders in individuals diagnosed with a developmental language disorder as children.","/pubmed/19320905","Mouridsen SE, Hauschild KM.","Child Care Health Dev. 2009 Sep;35(5):691-7. doi: 10.1111/j.1365-2214.2009.00954.x.","Child Care Health Dev.  2009","PubMed","citation","PMID:19320905","pubmed","19320905","create date:2009/03/27 | first author:Mouridsen SE",
"A longitudinal study of schizophrenia- and affective spectrum disorders in individuals diagnosed with a developmental language disorder as children.","/pubmed/18818864","Mouridsen SE, Hauschild KM.","J Neural Transm (Vienna). 2008 Nov;115(11):1591-7. doi: 10.1007/s00702-008-0110-z.","J Neural Transm (Vienna).  2008","PubMed","citation","PMID:18818864","pubmed","18818864","create date:2008/09/27 | first author:Mouridsen SE",
"Selecting folded proteins from a library of secondary structural elements.","/pubmed/18067292","Graziano JJ, Liu W, Perera R, Geierstanger BH, Lesley SA, Schultz PG.","J Am Chem Soc. 2008 Jan 9;130(1):176-85.","J Am Chem Soc.  2008","PubMed","citation","PMID:18067292 | PMCID:PMC2714538","pubmed","18067292","create date:2007/12/11 | first author:Graziano JJ",
"Detection of aneuploidy with digital polymerase chain reaction.","/pubmed/17715994","Fan HC, Quake SR.","Anal Chem. 2007 Oct 1;79(19):7576-9.","Anal Chem.  2007","PubMed","citation","PMID:17715994","pubmed","17715994","create date:2007/08/25 | first author:Fan HC",
"Comparative assays of the rpoB gene for identification of Mycobacterium tuberculosis isolated from patients in Sudan.","/pubmed/17519100","El-Eragi AM, Hamid ME, Saeed NS, Ahmed AH, Lee K, Kook YH, Mukhtar MM.","Int J Tuberc Lung Dis. 2007 Jun;11(6):671-5.","Int J Tuberc Lung Dis.  2007","PubMed","citation","PMID:17519100","pubmed","17519100","create date:2007/05/24 | first author:El-Eragi AM",
"Young males have a higher risk of developing schizophrenia: a Danish register study.","/pubmed/17288649","Thorup A, Waltoft BL, Pedersen CB, Mortensen PB, Nordentoft M.","Psychol Med. 2007 Apr;37(4):479-84.","Psychol Med.  2007","PubMed","citation","PMID:17288649","pubmed","17288649","create date:2007/02/10 | first author:Thorup A",
"Direct polymerase chain reaction amplification of formalin-fixed, paraffin-wax-embedded tissue after automated sequential laser microdissection and pressure catapulting.","/pubmed/17264248","O'Kane SL, Garimella V, Sivarajasingham N, Drew PJ, Cawkwell L.","J Clin Pathol. 2007 Feb;60(2):216-7.","J Clin Pathol.  2007","PubMed","citation","PMID:17264248 | PMCID:PMC1860634","pubmed","17264248","create date:2007/02/01 | first author:O'Kane SL",
"Comparison of chromogenic in situ hybridization with other methodologies for HER2 status assessment in breast cancer.","/pubmed/15614619","Hauser-Kronberger C, Dandachi N.","J Mol Histol. 2004 Aug;35(6):647-53.","J Mol Histol.  2004","PubMed","citation","PMID:15614619","pubmed","15614619","create date:2004/12/23 | first author:Hauser-Kronberger C",
"Detection of Helicobacter pylori in water by direct PCR.","/pubmed/15287865","Benson JA, Fode-Vaughan KA, Collins ML.","Lett Appl Microbiol. 2004;39(3):221-5.","Lett Appl Microbiol.  2004","PubMed","citation","PMID:15287865","pubmed","15287865","create date:2004/08/04 | first author:Benson JA",
"Detection and differentiation of herpes simplex virus types 1 and 2 by a duplex LightCycler PCR that incorporates an internal control PCR reaction.","/pubmed/15072751","Whiley DM, Mackay IM, Syrmis MW, Witt MJ, Sloots TP.","J Clin Virol. 2004 May;30(1):32-8.","J Clin Virol.  2004","PubMed","citation","PMID:15072751","pubmed","15072751","create date:2004/04/10 | first author:Whiley DM",
"Assessment of thin-layer breast aspirates for immunocytochemical evaluation of HER2 status.","/pubmed/14674066","Bédard YC, Pollett AF, Leung SW, O'Malley FP.","Acta Cytol. 2003 Nov-Dec;47(6):979-84.","Acta Cytol.  2003","PubMed","citation","PMID:14674066","pubmed","14674066","create date:2003/12/17 | first author:Bédard YC",
"The coexistence of ERBB2, INT2, and CMYC oncogene amplifications and PTEN gene mutations in endometrial carcinoma.","/pubmed/14663583","Konopka B, Janiec-Jankowska A, Paszko Z, Goluda M.","J Cancer Res Clin Oncol. 2004 Feb;130(2):114-21.","J Cancer Res Clin Oncol.  2004","PubMed","citation","PMID:14663583","pubmed","14663583","create date:2003/12/10 | first author:Konopka B",
"Direct PCR detection of Escherichia coli O157:H7.","/pubmed/12904226","Fode-Vaughan KA, Maki JS, Benson JA, Collins ML.","Lett Appl Microbiol. 2003;37(3):239-43.","Lett Appl Microbiol.  2003","PubMed","citation","PMID:12904226","pubmed","12904226","create date:2003/08/09 | first author:Fode-Vaughan KA",
"Histological tumor grade correlates with HER2/c-erB-2 status in invasive breast cancer: a comparative analysis between immunohistochemical (CB11 clone and Herceptest), FISH and differential PCR procedures.","/pubmed/12669615","López-Guerrero JA, Navarro S, Noguera R, Almenar S, Pellin A, Vázquez C, Llombart-Bosch A.","Arkh Patol. 2003 Jan-Feb;65(1):50-5.","Arkh Patol.  2003","PubMed","citation","PMID:12669615","pubmed","12669615","create date:2003/04/03 | first author:López-Guerrero JA",
"Clinicopathologic profile of gestational trophoblastic disease.","/pubmed/12658908","Jelincic D, Hudelist G, Singer CF, Bauer M, Horn LC, Bilek K, Czerwenka K.","Wien Klin Wochenschr. 2003 Jan 31;115(1-2):29-35.","Wien Klin Wochenschr.  2003","PubMed","citation","PMID:12658908","pubmed","12658908","create date:2003/03/28 | first author:Jelincic D",
"A comparison of polymerase chain reaction with and without RNA extraction and virus isolation for detection of bovine viral diarrhea virus in young calves.","/pubmed/12296401","Deregt D, Carman PS, Clark RM, Burton KM, Olson WO, Gilbert SA.","J Vet Diagn Invest. 2002 Sep;14(5):433-7.","J Vet Diagn Invest.  2002","PubMed","citation","PMID:12296401","pubmed","12296401","create date:2002/09/26 | first author:Deregt D",
"Major depressive disorder in Parkinson's disease: a register-based study.","/pubmed/12197858","Nilsson FM, Kessing LV, Sørensen TM, Andersen PK, Bolwig TG.","Acta Psychiatr Scand. 2002 Sep;106(3):202-11.","Acta Psychiatr Scand.  2002","PubMed","citation","PMID:12197858","pubmed","12197858","create date:2002/08/29 | first author:Nilsson FM",
"Chromogenic in situ hybridization: a novel approach to a practical and sensitive method for the detection of HER2 oncogene in archival human breast carcinoma.","/pubmed/12177239","Dandachi N, Dietze O, Hauser-Kronberger C.","Lab Invest. 2002 Aug;82(8):1007-14.","Lab Invest.  2002","PubMed","citation","PMID:12177239","pubmed","12177239","create date:2002/08/15 | first author:Dandachi N",
Title,URL,Description,Details,ShortDetails,Resource,Type,Identifiers,Db,EntrezUID,Properties
"Expression and amplification of cyclin D1 in primary breast carcinomas: relationship with histopathological types and clinico-pathological parameters.","/pubmed/11836618","Naidu R, Wahab NA, Yadav MM, Kutty MK.","Oncol Rep. 2002 Mar-Apr;9(2):409-16.","Oncol Rep.  2002","PubMed","citation","PMID:11836618","pubmed","11836618","create date:2002/02/12 | first author:Naidu R",
"Study of differential polymerase chain reaction of C-erbB-2 oncogene amplification in gastric cancer.","/pubmed/11819416","Ji F, Peng QB, Zhan JB, Li YM.","World J Gastroenterol. 1999 Apr;5(2):152-155.","World J Gastroenterol.  1999","PubMed","citation","PMID:11819416 | PMCID:PMC4688529","pubmed","11819416","create date:2002/01/31 | first author:Ji F",
"[A pilot study on the value of duplex polymerase chain reaction method in early diagnosis of Legionella pneumonia].","/pubmed/11798569","Jin J, Zhang H, Qiu Q, Li S, Wan C.","Zhonghua Nei Ke Za Zhi. 2001 Mar;40(3):154-7. Chinese. ","Zhonghua Nei Ke Za Zhi.  2001","PubMed","citation","PMID:11798569","pubmed","11798569","create date:2002/01/19 | first author:Jin J",
"Protein expression and molecular analysis of c-myc gene in primary breast carcinomas using immunohistochemistry and differential polymerase chain reaction.","/pubmed/11786932","Naidu R, Wahab NA, Yadav M, Kutty MK.","Int J Mol Med. 2002 Feb;9(2):189-96.","Int J Mol Med.  2002","PubMed","citation","PMID:11786932","pubmed","11786932","create date:2002/01/12 | first author:Naidu R",
"High homologous nucleotide to GBV-C was amplified from DNA of MT2 and HeLa cells and PBMC of human and chimpanzee.","/pubmed/11742584","Yan J, Dennin RH.","Acta Pharmacol Sin. 2001 Apr;22(4):320-6.","Acta Pharmacol Sin.  2001","PubMed","citation","PMID:11742584","pubmed","11742584","create date:2001/12/18 | first author:Yan J",
"Oncogenic potential of c-erbB-2 and its association with c-K-ras in premalignant and malignant lesions of the human uterine endometrium.","/pubmed/11553860","Manavi M, Bauer M, Baghestanian M, Berger A, Kucera E, Pischinger K, Battistutti W, Czerwenka K.","Tumour Biol. 2001 Sep-Oct;22(5):299-309.","Tumour Biol.  2001","PubMed","citation","PMID:11553860","pubmed","11553860","create date:2001/09/13 | first author:Manavi M",
"Detection of amplified int-2/FGF-3 gene in primary breast carcinomas using differential polymerase chain reaction.","/pubmed/11445874","Naidu R, Wahab NA, Yadav M, Kutty MK, Nair S.","Int J Mol Med. 2001 Aug;8(2):193-8.","Int J Mol Med.  2001","PubMed","citation","PMID:11445874","pubmed","11445874","create date:2001/07/11 | first author:Naidu R",
"Use of a duplex PCR/DNA probe assay to monitor Babesia bovis and Babesia bigemina in cattle during a vaccination trial.","/pubmed/10932733","Figueroa JV, Alvarez JA, Rojas EE, Ramos JA, Mosqueda JJ, Cantó GJ, Vega CA, Buening GM.","Rev Latinoam Microbiol. 1998 Jan-Jun;40(1-2):39-44. Erratum in: Rev Latinoam Microbiol 1999 Jan-Mar;41(1):43-5. ","Rev Latinoam Microbiol.  1998","PubMed","citation","PMID:10932733","pubmed","10932733","create date:2000/08/10 | first author:Figueroa JV",
"A catalytic antioxidant metalloporphyrin blocks hydrogen peroxide-induced mitochondrial DNA damage.","/pubmed/10648790","Milano J, Day BJ.","Nucleic Acids Res. 2000 Feb 15;28(4):968-73.","Nucleic Acids Res.  2000","PubMed","citation","PMID:10648790 | PMCID:PMC102572","pubmed","10648790","create date:2000/01/29 | first author:Milano J",
"[A nasopharyngeal carcinoma negatively related EST on 7q32].","/pubmed/10593019","Jiang N, Deng LW, Tan GL, Zhan FH, Zhou M, Cao L, Qiu YZ, Xie Y, Li GY.","Yi Chuan Xue Bao. 1999;26(4):301-8. Chinese. ","Yi Chuan Xue Bao.  1999","PubMed","citation","PMID:10593019","pubmed","10593019","create date:1999/12/11 | first author:Jiang N",
"Cyclin D1 gene amplification and p16 gene deletion in patients with esophageal carcinosarcoma.","/pubmed/9990483","Suzuki H, Fujioka Y, Nagashima K.","Diagn Mol Pathol. 1998 Oct;7(5):253-9.","Diagn Mol Pathol.  1998","PubMed","citation","PMID:9990483","pubmed","9990483","create date:1999/02/17 | first author:Suzuki H",
"Amplification and expression of the c-erbB-2 oncogene in Müllerian-derived genital-tract tumors.","/pubmed/9826455","Manavi M, Berger A, Kucera E, Schneeweiss A, Kucera H, Kubista E, Czerwenka K.","Gynecol Oncol. 1998 Nov;71(2):165-71.","Gynecol Oncol.  1998","PubMed","citation","PMID:9826455","pubmed","9826455","create date:1998/11/25 | first author:Manavi M",
"Reaction-diffusion analysis of the effects of temperature on high-energy phosphate dynamics in goldfish skeletal muscle.","/pubmed/9104779","Hubley MJ, Locke BR, Moerland TS.","J Exp Biol. 1997 Mar;200(Pt 6):975-88.","J Exp Biol.  1997","PubMed","citation","PMID:9104779","pubmed","9104779","create date:1997/03/01 | first author:Hubley MJ",
"[Amplification and expression of c-erbB2 oncogene in normal, hyperplastic, and malignant endometria].","/pubmed/9387524","Lu Y, Czerwenka K, Heuss F.","Zhonghua Fu Chan Ke Za Zhi. 1996 Nov;31(11):656-9. Chinese. ","Zhonghua Fu Chan Ke Za Zhi.  1996","PubMed","citation","PMID:9387524","pubmed","9387524","create date:1996/11/01 | first author:Lu Y",
"MDM2 amplification, P53 mutation, and accumulation of the P53 gene product in malignant fibrous histiocytoma.","/pubmed/8919547","Reid AH, Tsai MM, Venzon DJ, Wright CF, Lack EE, O'Leary TJ.","Diagn Mol Pathol. 1996 Mar;5(1):65-73.","Diagn Mol Pathol.  1996","PubMed","citation","PMID:8919547","pubmed","8919547","create date:1996/03/01 | first author:Reid AH",
"Detection and characterization by differential PCR of host eukaryotic cell genes differentially transcribed following uptake of intracellular bacteria.","/pubmed/8557379","Schwan WR, Kügler S, Schüller S, Kopecko DJ, Goebel W.","Infect Immun. 1996 Jan;64(1):91-9.","Infect Immun.  1996","PubMed","citation","PMID:8557379 | PMCID:PMC173732","pubmed","8557379","create date:1996/01/01 | first author:Schwan WR",
"Molecular and immunohistochemical study of class I growth factor receptors in squamous cell lung carcinomas.","/pubmed/8838364","Gorgoulis V, Sfikakis PP, Karameris A, Papastamatiou H, Trigidou R, Veslemes M, Spandidos DA, Sfikakis P, Jordanoglou J.","Pathol Res Pract. 1995 Oct;191(10):973-81.","Pathol Res Pract.  1995","PubMed","citation","PMID:8838364","pubmed","8838364","create date:1995/10/01 | first author:Gorgoulis V",
"Amplification and expression of the c-erbB-2 oncogene in normal, hyperplastic, and malignant endometria.","/pubmed/8601533","Czerwenka K, Lu Y, Heuss F.","Int J Gynecol Pathol. 1995 Apr;14(2):98-106.","Int J Gynecol Pathol.  1995","PubMed","citation","PMID:8601533","pubmed","8601533","create date:1995/04/01 | first author:Czerwenka K",
"Critical determination of the frequency of c-erbB-2 amplification in breast cancer.","/pubmed/7915911","Hubbard AL, Doris CP, Thompson AM, Chetty U, Anderson TJ.","Br J Cancer. 1994 Sep;70(3):434-9.","Br J Cancer.  1994","PubMed","citation","PMID:7915911 | PMCID:PMC2033340","pubmed","7915911","create date:1994/09/01 | first author:Hubbard AL",
"Epidermal growth factor receptor expression in squamous cell lung carcinomas: an immunohistochemical and gene analysis in formalin-fixed, paraffin-embedded material.","/pubmed/8236825","Gorgoulis V, Giatromanolaki A, Karameris A, Tsatsanis C, Aninos D, Ozanne B, Veslemes M, Jordanoglou J, Trigidou R, Papastamatiou H, et al.","Virchows Arch A Pathol Anat Histopathol. 1993;423(4):295-302.","Virchows Arch A Pathol Anat Histopathol.  1993","PubMed","citation","PMID:8236825","pubmed","8236825","create date:1993/01/01 | first author:Gorgoulis V",
"Drug responses in antigen-induced contractions of tracheal strips of ovalbumin-sensitized guinea pigs.","/pubmed/1718144","Li J, Chu YH.","Zhongguo Yao Li Xue Bao. 1990 Sep;11(5):474-6.","Zhongguo Yao Li Xue Bao.  1990","PubMed","citation","PMID:1718144","pubmed","1718144","create date:1990/09/01 | first author:Li J",
"Papillary circulation dynamics in glaucoma.","/pubmed/2806929","Robert Y, Steiner D, Hendrickson P.","Graefes Arch Clin Exp Ophthalmol. 1989;227(5):436-9.","Graefes Arch Clin Exp Ophthalmol.  1989","PubMed","citation","PMID:2806929","pubmed","2806929","create date:1989/01/01 | first author:Robert Y",
